date_obj,Black%20full%20helm%20(g) price
2015-03-26,50518
2015-03-27,50518
2015-03-28,48396
2015-03-29,48396
2015-03-30,48396
2015-03-31,48396
2015-04-01,48396
2015-04-02,46127
2015-04-03,46127
2015-04-04,46127
2015-04-05,46127
2015-04-06,44342
2015-04-07,44342
2015-04-08,44342
2015-04-09,44342
2015-04-10,44342
2015-04-11,42458
2015-04-12,42458
2015-04-13,42458
2015-04-14,42458
2015-04-15,42458
2015-04-16,40555
2015-04-17,40555
2015-04-18,40555
2015-04-19,40555
2015-04-20,40555
2015-04-21,38992
2015-04-22,38992
2015-04-23,38992
2015-04-24,38992
2015-04-25,38992
2015-04-26,37766
2015-04-27,37766
2015-04-28,37766
2015-04-29,37766
2015-04-30,37766
2015-05-01,36420
2015-05-02,36420
2015-05-03,36420
2015-05-04,36420
2015-05-05,36420
2015-05-06,34957
2015-05-07,34957
2015-05-08,34957
2015-05-09,34957
2015-05-10,34957
2015-05-11,34012
2015-05-12,34012
2015-05-13,34012
2015-05-14,34012
2015-05-15,34012
2015-05-16,33274
2015-05-17,33274
2015-05-18,33274
2015-05-19,33274
2015-05-20,33274
2015-05-21,33274
2015-05-22,32521
2015-05-23,32521
2015-05-24,32521
2015-05-25,32521
2015-05-26,32521
2015-05-27,32521
2015-05-28,32532
2015-05-29,32532
2015-05-30,32532
2015-05-31,32532
2015-06-01,33357
2015-06-02,33357
2015-06-03,33357
2015-06-04,33357
2015-06-05,33357
2015-06-06,33772
2015-06-07,33772
2015-06-08,33772
2015-06-09,33772
2015-06-10,34908
2015-06-11,34908
2015-06-12,34908
2015-06-13,34908
2015-06-14,35788
2015-06-15,35788
2015-06-16,35788
2015-06-17,35788
2015-06-18,35868
2015-06-19,35868
2015-06-20,35868
2015-06-21,35868
2015-06-22,35868
2015-06-23,35847
2015-06-24,35847
2015-06-25,35847
2015-06-26,35847
2015-06-27,35847
2015-06-28,36632
2015-06-29,36632
2015-06-30,36632
2015-07-01,36632
2015-07-02,36632
2015-07-03,37751
2015-07-04,37751
2015-07-05,37751
2015-07-06,37751
2015-07-07,37751
2015-07-08,39465
2015-07-09,39465
2015-07-10,39465
2015-07-11,39465
2015-07-12,39465
2015-07-13,39465
2015-07-14,40781
2015-07-15,40781
2015-07-16,40781
2015-07-17,40781
2015-07-18,40781
2015-07-19,41414
2015-07-20,41414
2015-07-21,41414
2015-07-22,41414
2015-07-23,41414
2015-07-24,42496
2015-07-25,42496
2015-07-26,42496
2015-07-27,42496
2015-07-28,42496
2015-07-29,42970
2015-07-30,42970
2015-07-31,42970
2015-08-01,42970
2015-08-02,42970
2015-08-03,43584
2015-08-04,43584
2015-08-05,43584
2015-08-06,43584
2015-08-07,43584
2015-08-08,43773
2015-08-09,43773
2015-08-10,43773
2015-08-11,43773
2015-08-12,43773
2015-08-13,43739
2015-08-14,43739
2015-08-15,43739
2015-08-16,43739
2015-08-17,43029
2015-08-18,43029
2015-08-19,43029
2015-08-20,43029
2015-08-21,42709
2015-08-22,42709
2015-08-23,42709
2015-08-24,42709
2015-08-25,42709
2015-08-26,43068
2015-08-27,43068
2015-08-28,43068
2015-08-29,43068
2015-08-30,43068
2015-08-31,43752
2015-09-01,43752
2015-09-02,43752
2015-09-03,43752
2015-09-04,43752
2015-09-05,44198
2015-09-06,44198
2015-09-07,44198
2015-09-08,44198
2015-09-09,44198
2015-09-10,43841
2015-09-11,43841
2015-09-12,43841
2015-09-13,43841
2015-09-14,43841
2015-09-15,43434
2015-09-16,43434
2015-09-17,43434
2015-09-18,43434
2015-09-19,43434
2015-09-20,42027
2015-09-21,42027
2015-09-22,42027
2015-09-23,42027
2015-09-24,42027
2015-09-25,40096
2015-09-27,40096
2015-09-28,40096
2015-09-29,40096
2015-09-30,39530
2015-10-05,39145
2015-10-06,39145
2015-10-07,39145
2015-10-08,39145
2015-10-09,40144
2015-10-10,40144
2015-10-11,40144
2015-10-12,40144
2015-10-13,40144
2015-10-14,40144
2015-10-15,41009
2015-10-16,41009
2015-10-17,41009
2015-10-18,41009
2015-10-19,41009
2015-10-20,41542
2015-10-22,41542
2015-10-23,41542
2015-10-24,41542
2015-10-25,42641
2015-10-26,42641
2015-10-27,42641
2015-10-29,42641
2015-10-30,42641
2015-10-31,44318
2015-11-01,44318
2015-11-02,44318
2015-11-03,44318
2015-11-04,44318
2015-11-05,46185
2015-11-06,46185
2015-11-07,46185
2015-11-08,46185
2015-11-09,46185
2015-11-10,46185
2015-11-11,46721
2015-11-12,46721
2015-11-13,46721
2015-11-14,46721
2015-11-15,46721
2015-11-16,46721
2015-11-17,47346
2015-11-18,47346
2015-11-19,47346
2015-11-20,47346
2015-11-21,47346
2015-11-22,49315
2015-11-23,49315
2015-11-24,49315
2015-11-25,49315
2015-11-26,49315
2015-11-27,49315
2015-11-28,51240
2015-11-29,51240
2015-11-30,51240
2015-12-01,51240
2015-12-02,51240
2015-12-03,53154
2015-12-04,53154
2015-12-05,53154
2015-12-06,53154
2015-12-07,53154
2015-12-08,53154
2015-12-09,55378
2015-12-10,55378
2015-12-11,55378
2015-12-12,55378
2015-12-13,55378
2015-12-14,55378
2015-12-15,57847
2015-12-16,57847
2015-12-17,57847
2015-12-18,57847
2015-12-19,57847
2015-12-20,60333
2015-12-21,60333
2015-12-22,60333
2015-12-23,60333
2015-12-24,60333
2015-12-25,60333
2015-12-26,62318
2015-12-27,62318
2015-12-28,62318
2015-12-29,62318
2015-12-30,62318
2015-12-31,63699
2016-01-01,63699
2016-01-02,63699
2016-01-03,63699
2016-01-04,63699
2016-01-05,63699
2016-01-06,63097
2016-01-07,63097
2016-01-08,63097
2016-01-09,63097
2016-01-10,63097
2016-01-11,63097
2016-01-12,62354
2016-01-13,62354
2016-01-14,62354
2016-01-15,62354
2016-01-16,62354
2016-01-17,62609
2016-01-18,62609
2016-01-19,62609
2016-01-20,62609
2016-01-21,62609
2016-01-22,62984
2016-01-23,62984
2016-01-24,62984
2016-01-25,62984
2016-01-26,62984
2016-01-27,63183
2016-01-28,63183
2016-01-29,63183
2016-01-30,63183
2016-01-31,63183
2016-02-01,62541
2016-02-02,62541
2016-02-03,62541
2016-02-04,62541
2016-02-05,62541
2016-02-06,62052
2016-02-07,62052
2016-02-08,62052
2016-02-09,62052
2016-02-10,62052
2016-02-11,63507
2016-02-12,63507
2016-02-13,63507
2016-02-14,63507
2016-02-15,63507
2016-02-16,64299
2016-02-17,64299
2016-02-18,64299
2016-02-19,64299
2016-02-20,64299
2016-02-21,64229
2016-02-22,64229
2016-02-23,64229
2016-02-24,64229
2016-02-25,64229
2016-02-26,62340
2016-02-27,62340
2016-02-28,62340
2016-02-29,62340
2016-03-01,60642
2016-03-02,60642
2016-03-03,60642
2016-03-04,60642
2016-03-05,60642
2016-03-06,61521
2016-03-07,61521
2016-03-08,61521
2016-03-09,61521
2016-03-10,61521
2016-03-11,61966
2016-03-12,61966
2016-03-13,61966
2016-03-14,61966
2016-03-15,59979
2016-03-16,59979
2016-03-17,59979
2016-03-18,59979
2016-03-19,58133
2016-03-20,58133
2016-03-21,58133
2016-03-22,58133
2016-03-23,57525
2016-03-24,57525
2016-03-25,57525
2016-03-26,57525
2016-03-27,56645
2016-03-28,56645
2016-03-29,56645
2016-03-30,56645
2016-03-31,55241
2016-04-01,55241
2016-04-02,55241
2016-04-03,55241
2016-04-04,55241
2016-04-05,53992
2016-04-06,53992
2016-04-07,53992
2016-04-08,53992
2016-04-09,54346
2016-04-10,54346
2016-04-11,54346
2016-04-12,54346
2016-04-13,54346
2016-04-14,55444
2016-04-15,55444
2016-04-16,55444
2016-04-17,55444
2016-04-18,55444
2016-04-19,55938
2016-04-20,55938
2016-04-21,55938
2016-04-22,55938
2016-04-23,55938
2016-04-24,56836
2016-04-25,56836
2016-04-26,56836
2016-04-27,56836
2016-04-28,56822
2016-04-29,56822
2016-04-30,56822
2016-05-01,56822
2016-05-02,55633
2016-05-03,55633
2016-05-04,55633
2016-05-05,55633
2016-05-06,55633
2016-05-07,55943
2016-05-08,55943
2016-05-09,55943
2016-05-10,55943
2016-05-11,55943
2016-05-12,56015
2016-05-13,56015
2016-05-14,56015
2016-05-15,56015
2016-05-16,57047
2016-05-17,57047
2016-05-18,57047
2016-05-19,57047
2016-05-22,58086
2016-05-23,58086
2016-05-24,58608
2016-05-25,58608
2016-05-26,58608
2016-05-27,58608
2016-05-28,58608
2016-05-29,59263
2016-05-30,59263
2016-05-31,59263
2016-06-01,59263
2016-06-02,59263
2016-06-03,59648
2016-06-04,59648
2016-06-05,59648
2016-06-06,58584
2016-06-07,58584
2016-06-08,58584
2016-06-09,58584
2016-06-10,58737
2016-06-11,58737
2016-06-12,58737
2016-06-13,58737
2016-06-14,57897
2016-06-15,57897
2016-06-16,57897
2016-06-17,57897
2016-06-18,57897
2016-06-19,56818
2016-06-20,56818
2016-06-21,56818
2016-06-22,56818
2016-06-23,57479
2016-06-24,57479
2016-06-25,57479
2016-06-26,57479
2016-06-27,57479
2016-06-28,57229
2016-06-29,57229
2016-06-30,57229
2016-07-01,57229
2016-07-02,57352
2016-07-03,57352
2016-07-04,57352
2016-07-05,57352
2016-07-06,55275
2016-07-07,55275
2016-07-08,55275
2016-07-09,53055
2016-07-10,53055
2016-07-11,53055
2016-07-12,50408
2016-07-13,50408
2016-07-14,50408
2016-07-15,48461
2016-07-16,48461
2016-07-17,48461
2016-07-18,46736
2016-07-23,44672
2016-07-24,44672
2016-07-25,43851
2016-07-26,43851
2016-07-27,43851
2016-07-28,43851
2016-07-29,43528
2016-07-30,43528
2016-07-31,43528
2016-08-01,43528
2016-08-02,43541
2016-08-03,43541
2016-08-04,43541
2016-08-05,43541
2016-08-06,42372
2016-08-07,42372
2016-08-08,42372
2016-08-09,42372
2016-08-10,42211
2016-08-11,42211
2016-08-12,42211
2016-08-13,42211
2016-08-14,42211
2016-08-15,40695
2016-08-16,40695
2016-08-17,40695
2016-08-18,40695
2016-08-19,40695
2016-08-20,39833
2016-08-21,39833
2016-08-22,39833
2016-08-23,39833
2016-08-24,39674
2016-08-25,39674
2016-08-26,39674
2016-08-28,39674
2016-08-31,39595
2016-09-01,39595
2016-09-02,39595
2016-09-03,39048
2016-09-04,39048
2016-09-05,39048
2016-09-06,38469
2016-09-07,38469
2016-09-08,38469
2016-09-09,38469
2016-09-10,38469
2016-09-11,37614
2016-09-12,37614
2016-09-13,37614
2016-09-14,37614
2016-09-15,37585
2016-09-16,37585
2016-09-17,37585
2016-09-18,37585
2016-09-19,37419
2016-09-20,37419
2016-09-21,37419
2016-09-22,37419
2016-09-23,37419
2016-09-24,37466
2016-09-25,37466
2016-09-26,37466
2016-09-27,37466
2016-09-28,37432
2016-09-29,37432
2016-09-30,37432
2016-10-01,37432
2016-10-02,37219
2016-10-03,37219
2016-10-04,37219
2016-10-05,37219
2016-10-06,37219
2016-10-07,36898
2016-10-08,36898
2016-10-09,36898
2016-10-10,36898
2016-10-11,36949
2016-10-12,36949
2016-10-13,36949
2016-10-14,36949
2016-10-15,36954
2016-10-16,36954
2016-10-17,36954
2016-10-18,36954
2016-10-19,36670
2016-10-20,36670
2016-10-21,36670
2016-10-22,36670
2016-10-23,35589
2016-10-24,35589
2016-10-25,35589
2016-10-26,35589
2016-10-27,35589
2016-10-28,35406
2016-10-29,35406
2016-10-30,35406
2016-10-31,35406
2016-11-01,34545
2016-11-02,34545
2016-11-03,34545
2016-11-04,34545
2016-11-05,35213
2016-11-06,35213
2016-11-07,35213
2016-11-08,35213
2016-11-09,36649
2016-11-10,36649
2016-11-11,36649
2016-11-12,36649
2016-11-13,36649
2016-11-14,38301
2016-11-15,38301
2016-12-07,47581
2016-12-08,49647
2016-12-09,49647
2016-12-10,49647
2016-12-11,49647
2016-12-12,49647
2016-12-13,51787
2016-12-14,51787
2016-12-15,51787
2016-12-16,51787
2016-12-17,54063
2016-12-18,54063
2016-12-19,54063
2016-12-20,54063
2016-12-21,56421
2016-12-22,56421
2016-12-23,56421
2016-12-24,56421
2016-12-25,58908
2016-12-26,58908
2016-12-27,58908
2016-12-28,58908
2016-12-29,58908
2016-12-30,61532
2016-12-31,61532
2017-01-01,61532
2017-01-02,61532
2017-01-03,63071
2017-01-04,63071
2017-01-05,63071
2017-01-06,63071
2017-01-07,65241
2017-01-08,65241
2017-01-09,65241
2017-01-10,65241
2017-01-11,65639
2017-01-12,65639
2017-01-13,65639
2017-01-14,65639
2017-01-15,65082
2017-01-16,65082
2017-01-17,65082
2017-01-18,65082
2017-01-19,64278
2017-01-20,64278
2017-01-21,64278
2017-01-22,64278
2017-01-23,62264
2017-01-27,59698
2017-01-28,59698
2017-01-29,59698
2017-01-30,59698
2017-01-31,59966
2017-02-01,59966
2017-02-02,59966
2017-02-03,59966
2017-02-04,60696
2017-02-05,60696
2017-02-06,60696
2017-02-07,60696
2017-02-08,62764
2017-02-09,62764
2017-02-10,62764
2017-02-11,62764
2017-02-12,63652
2017-02-13,63652
2017-02-14,63652
2017-02-15,63652
2017-02-16,63833
2017-02-18,63833
2017-02-19,63833
2017-02-20,63833
2017-02-21,64897
2017-02-22,64897
2017-02-23,64897
2017-02-24,64897
2017-02-25,64897
2017-02-26,66285
2017-02-27,66285
2017-02-28,66285
2017-03-01,66285
2017-03-02,67010
2017-03-03,67010
2017-03-04,67010
2017-03-05,67010
2017-03-06,68374
2017-03-07,68374
2017-03-08,68374
2017-03-09,68374
2017-03-10,68374
2017-03-11,70734
2017-03-12,70734
2017-03-13,70734
2017-03-14,70734
2017-03-15,72559
2017-03-16,72559
2017-03-17,72559
2017-03-18,72559
2017-03-19,72559
2017-03-20,72171
2017-03-21,72171
2017-03-22,72171
2017-03-23,72171
2017-03-24,73940
2017-03-25,73940
2017-03-26,73940
2017-03-27,73940
2017-03-28,75167
2017-03-29,75167
2017-03-30,75167
2017-03-31,75167
2017-04-01,75283
2017-04-02,75283
2017-04-03,75283
2017-04-04,75283
2017-04-12,77134
2017-04-13,77134
2017-04-14,78591
2017-04-15,78591
2017-04-16,78591
2017-04-17,78591
2017-04-18,81316
2017-04-19,81316
2017-04-20,81316
2017-04-21,81316
2017-04-22,82439
2017-04-23,82439
2017-04-24,82439
2017-04-25,82439
2017-04-26,82439
2017-04-27,81077
2017-04-28,81077
2017-04-29,81077
2017-04-30,81077
2017-05-01,81077
2017-05-02,82944
2017-05-03,82944
2017-05-04,82944
2017-05-05,82944
2017-05-06,82944
2017-05-07,84548
2017-05-08,84548
2017-05-09,84548
2017-05-10,84548
2017-05-11,84548
2017-05-12,87387
2017-05-13,87387
2017-05-14,87387
2017-05-15,87387
2017-05-16,87387
2017-05-17,87387
2017-05-18,88873
2017-05-19,88873
2017-05-20,88873
2017-05-21,88873
2017-05-22,88873
2017-05-23,88873
2017-05-24,89528
2017-05-25,89528
2017-05-26,89528
2017-05-27,89528
2017-05-28,89528
2017-05-29,89528
2017-05-30,87986
2017-05-31,87986
2017-06-01,87986
2017-06-02,87986
2017-06-03,87986
2017-06-04,90391
2017-06-05,90391
2017-06-06,90391
2017-06-07,90391
2017-06-08,90391
2017-06-09,92577
2017-06-10,92577
2017-06-11,92577
2017-06-12,92577
2017-06-13,92577
2017-06-14,90323
2017-06-15,90323
2017-06-16,90323
2017-06-17,90323
2017-06-18,90323
2017-06-19,90323
2017-06-20,88685
2017-06-21,88685
2017-06-22,88685
2017-06-23,88685
2017-06-24,88685
2017-06-25,88685
2017-06-26,89361
2017-06-27,89361
2017-06-28,89361
2017-06-29,89361
2017-06-30,89361
2017-07-01,85925
2017-07-02,85925
2017-07-03,85925
2017-07-04,85925
2017-07-05,85925
2017-07-06,82032
2017-07-07,82032
2017-07-08,82032
2017-07-13,81266
2017-07-14,81266
2017-07-15,81266
2017-07-16,81266
2017-07-17,81086
2017-07-18,81086
2017-07-19,81086
2017-07-20,81086
2017-07-21,80811
2017-07-22,80811
2017-07-23,80811
2017-07-24,80811
2017-07-25,81770
2017-07-26,81770
2017-07-27,81770
2017-07-28,81770
2017-07-29,81770
2017-07-30,81926
2017-07-31,81926
2017-08-01,81926
2017-08-02,81926
2017-08-03,81926
2017-08-04,82837
2017-08-05,82837
2017-08-06,82837
2017-08-07,82837
2017-08-08,81360
2017-08-09,81360
2017-08-10,81360
2017-08-11,81360
2017-08-12,78164
2017-08-13,78164
2017-08-14,78164
2017-08-15,78164
2017-08-16,76857
2017-08-17,76857
2017-08-18,76857
2017-08-19,76857
2017-08-20,78865
2017-08-21,78865
2017-08-22,78865
2017-08-23,78865
2017-08-24,78865
2017-08-25,77455
2017-08-26,77455
2017-08-27,77455
2017-08-28,77455
2017-08-29,75971
2017-08-30,75971
2017-08-31,75971
2017-09-01,75971
2017-09-02,76364
2017-09-03,76364
2017-09-04,76364
2017-09-05,76364
2017-09-06,76364
2017-09-07,76696
2017-09-08,76696
2017-09-09,76696
2017-09-10,76696
2017-09-11,76696
2017-09-12,77205
2017-09-13,77205
2017-09-14,77205
2017-09-15,77205
2017-09-16,77205
2017-09-17,79237
2017-09-18,79237
2017-09-19,79237
2017-09-20,79237
2017-09-22,80941
2017-09-23,80941
2017-09-24,80941
2017-09-25,80941
2017-09-26,82541
2017-09-27,82541
2017-09-28,82541
2017-09-29,82541
2017-09-30,82541
2017-10-01,82912
2017-10-02,82912
2017-10-03,82912
2017-10-04,82912
2017-10-05,82912
2017-10-06,82912
2017-10-07,85921
2017-10-08,85921
2017-10-09,85921
2017-10-10,85921
2017-10-11,85921
2017-10-12,86630
2017-10-13,86630
2017-10-14,86630
2017-10-15,86630
2017-10-16,86630
2017-10-17,86630
2017-10-18,87884
2017-10-19,87884
2017-10-20,87884
2017-10-21,87884
2017-10-22,87884
2017-10-23,87884
2017-10-24,87156
2017-10-25,87156
2017-10-26,87156
2017-10-27,87156
2017-10-28,87156
2017-10-29,86517
2017-10-30,86517
2017-10-31,86517
2017-11-01,86517
2017-11-02,86517
2017-11-03,86517
2017-11-04,85148
2017-11-05,85148
2017-11-06,85148
2017-11-07,85148
2017-11-08,85148
2017-11-09,84929
2017-11-10,84929
2017-11-11,84929
2017-11-12,84929
2017-11-13,84929
2017-11-14,84929
2017-11-15,85173
2017-11-16,85173
2017-11-17,85173
2017-11-18,85173
2017-11-19,85173
2017-11-20,85173
2017-11-21,86250
2017-11-22,86250
2017-11-23,86250
2017-11-24,86250
2017-11-25,86250
2017-11-26,84830
2017-11-27,84830
2017-11-28,84830
2017-11-29,84830
2017-11-30,84830
2017-12-01,83564
2017-12-02,83564
2017-12-03,83564
2017-12-04,83564
2017-12-05,83564
2017-12-06,83457
2017-12-07,83457
2017-12-08,83457
2017-12-09,83457
2017-12-10,83457
2017-12-11,84185
2017-12-12,84185
2017-12-13,84185
2017-12-14,84185
2017-12-15,84185
2017-12-16,86219
2017-12-17,86219
2017-12-18,86219
2017-12-19,86219
2017-12-20,86219
2017-12-21,85905
2017-12-22,85905
2017-12-23,85905
2017-12-24,85905
2017-12-25,85905
2017-12-26,84319
2017-12-27,84319
2017-12-28,84319
2017-12-29,84319
2017-12-30,84330
2017-12-31,84330
2018-01-01,84330
2018-01-02,84330
2018-01-03,84330
2018-01-04,81496
2018-01-05,81496
2018-01-06,81496
2018-01-07,79183
2018-01-08,79183
2018-01-09,79183
2018-01-10,79183
2018-01-11,79183
2018-01-12,77666
2018-01-13,77666
2018-01-14,77666
2018-01-15,77666
2018-01-16,77666
2018-01-17,76189
2018-01-18,76189
2018-01-19,76189
2018-01-20,76189
2018-01-21,76189
2018-01-22,77032
2018-01-23,77032
2018-01-24,77133
2018-01-25,77133
2018-01-26,77133
2018-01-27,78627
2018-01-28,78627
2018-01-29,78412
2018-01-30,78412
2018-01-31,78412
2018-02-01,76453
2018-02-02,76453
2018-02-03,74779
2018-02-04,74779
2018-02-05,74779
2018-02-06,72195
2018-02-07,72195
2018-02-08,72195
2018-02-09,69394
2018-02-10,69394
2018-02-11,67464
2018-02-12,67464
2018-02-13,64728
2018-02-14,64728
2018-02-15,62836
2018-02-16,62836
2018-02-17,60140
2018-02-18,60140
2018-02-19,59362
2018-02-20,59362
2018-02-21,59362
2018-02-22,57515
2018-02-23,57515
2018-02-24,57515
2018-02-25,59967
2018-02-26,59967
2018-02-27,62055
2018-02-28,62055
2018-03-01,62055
2018-03-02,64055
2018-03-03,64055
2018-03-04,64055
2018-03-05,65632
2018-03-06,65632
2018-03-07,63856
2018-03-08,63856
2018-03-09,63856
2018-03-10,62464
2018-03-11,62464
2018-03-12,63663
2018-03-13,63663
2018-03-14,63663
2018-03-15,63354
2018-03-16,63354
2018-03-17,61567
2018-03-18,61567
2018-03-20,62681
2018-03-21,62681
2018-03-22,62681
2018-03-23,63494
2018-03-24,63494
2018-03-25,64700
2018-03-26,64700
2018-03-27,66901
2018-03-28,66901
2018-03-29,66901
2018-03-30,69700
2018-03-31,69700
2018-04-01,69700
2018-04-02,71388
2018-04-03,71388
2018-04-04,71388
2018-04-05,73241
2018-04-06,73241
2018-04-07,73241
2018-04-08,75197
2018-04-09,75197
2018-04-10,75197
2018-04-11,77828
2018-04-12,77828
2018-04-13,77828
2018-04-14,79481
2018-04-15,79481
2018-04-16,79481
2018-04-17,82263
2018-04-18,82263
2018-04-19,82263
2018-04-20,82263
2018-04-21,84451
2018-04-22,84451
2018-04-23,84451
2018-04-24,83334
2018-04-25,83334
2018-04-26,83334
2018-04-27,83310
2018-04-28,83310
2018-04-29,83310
2018-04-30,82232
2018-05-01,82232
2018-05-02,82232
2018-05-03,82825
2018-05-04,82825
2018-05-05,83833
2018-05-06,83833
2018-05-07,83833
2018-05-08,84535
2018-05-09,84535
2018-05-10,84160
2018-05-11,84160
2018-05-12,82425
2018-05-13,82425
2018-05-14,82425
2018-05-15,81860
2018-05-16,81860
2018-05-17,81860
2018-05-18,81928
2018-05-19,81928
2018-05-20,83839
2018-05-21,83839
2018-05-22,83839
2018-05-23,84252
2018-05-24,84252
2018-05-25,84252
2018-05-26,84821
2018-05-27,84821
2018-05-28,84821
2018-05-29,85914
2018-05-30,85914
2018-05-31,85914
2018-06-01,85625
2018-06-02,85625
2018-06-03,87810
2018-06-04,87810
2018-06-05,87810
2018-06-06,86594
2018-06-07,86594
2018-06-08,86594
2018-06-09,85517
2018-06-10,85517
2018-06-11,85517
2018-06-12,86521
2018-06-13,86521
2018-06-14,86521
2018-06-15,85796
2018-06-16,85796
2018-06-17,85796
2018-06-18,85369
2018-06-19,85369
2018-06-20,85369
2018-06-21,85535
2018-06-22,85535
2018-06-23,85535
2018-06-24,84252
2018-06-25,84252
2018-06-26,84252
2018-06-27,83971
2018-06-28,83971
2018-06-29,83971
2018-06-30,81621
2018-07-01,81621
2018-07-02,81621
2018-07-03,80120
2018-07-04,80120
2018-07-05,80120
2018-07-06,81617
2018-07-07,81617
2018-07-08,81617
2018-07-09,83954
2018-07-10,83954
2018-07-11,84093
2018-07-12,84093
2018-07-13,85665
2018-07-14,85665
2018-07-15,88428
2018-07-16,88428
2018-07-17,92045
2018-07-18,92045
2018-07-19,92045
2018-07-20,95685
2018-07-21,95685
2018-07-22,95968
2018-07-23,95968
2018-07-24,98765
2018-07-25,98765
2018-07-26,98765
2018-07-27,100582
2018-07-28,100582
2018-07-29,103095
2018-07-30,103095
2018-07-31,105863
2018-08-01,105863
2018-08-02,108114
2018-08-03,108114
2018-08-04,109125
2018-08-05,109125
2018-08-06,113492
2018-08-07,113492
2018-08-08,117650
2018-08-09,117650
2018-08-10,117650
2018-08-11,118803
2018-08-12,118803
2018-08-14,120923
2018-08-16,119951
2018-08-17,121312
2018-08-18,121312
2018-08-19,124066
2018-08-20,124066
2018-08-21,127799
2018-08-22,127799
2018-08-23,127799
2018-08-24,130637
2018-08-25,130637
2018-08-26,130060
2018-08-27,130060
2018-08-28,128847
2018-08-29,128847
2018-08-30,130445
2018-08-31,130445
2018-09-01,129811
2018-09-02,129811
2018-09-03,130563
2018-09-04,130563
2018-09-05,135148
2018-09-06,135148
2018-09-07,139785
2018-09-08,139785
2018-09-09,142963
2018-09-10,142963
2018-09-11,147964
2018-09-12,147964
2018-09-13,150083
2018-09-14,150083
2018-09-15,155549
2018-09-16,155549
2018-09-17,157746
2018-09-18,157746
2018-09-19,152294
2018-09-20,152294
2018-09-21,148679
2018-09-22,148679
2018-09-23,150000
2018-09-24,150000
2018-09-25,150000
2018-09-26,148966
2018-09-27,148966
2018-09-28,148923
2018-09-29,148923
2018-09-30,151873
2018-10-01,151873
2018-10-02,154503
2018-10-03,154503
2018-10-04,155645
2018-10-05,155645
2018-10-06,159431
2018-10-07,159431
2018-10-08,159431
2018-10-09,158985
2018-10-10,158985
2018-10-11,156091
2018-10-12,156091
2018-10-13,157796
2018-10-14,157796
2018-10-15,158754
2018-10-16,158754
2018-10-17,158754
2018-10-18,160933
2018-10-19,160933
2018-10-20,160933
2018-10-21,162002
2018-10-22,162002
2018-10-23,162002
2018-10-24,161524
2018-10-25,161524
2018-10-26,161524
2018-10-27,163912
2018-10-28,163912
2018-10-29,163912
2018-10-30,159485
2018-10-31,161252
2018-11-01,166743
2018-11-03,180857
2018-11-04,189816
2018-11-05,199117
2018-11-06,209073
2018-11-08,226607
2018-11-09,236331
2018-11-10,248148
2018-11-11,258793
2018-11-12,271733
2018-11-13,285320
2018-11-15,305794
2018-11-16,314399
2018-11-17,320005
2018-11-18,325301
2018-11-19,321453
2018-11-20,316989
2018-11-21,316989
2018-11-22,316221
2018-11-23,313781
2018-11-24,311881
2018-11-25,303948
2018-11-26,303948
2018-11-27,296178
2018-11-28,288216
2018-11-29,281650
2018-12-01,270256
2018-12-02,257464
2018-12-03,257464
2018-12-04,248438
2018-12-05,240980
2018-12-07,233243
2018-12-09,223806
2018-12-10,216131
2018-12-11,216131
2018-12-12,209358
2018-12-13,202142
2018-12-14,196626
2018-12-15,190048
2018-12-16,181865
2018-12-17,181865
2018-12-18,174174
2018-12-19,169212
2018-12-20,166082
2018-12-21,159641
2018-12-22,159641
2018-12-23,155870
2018-12-24,152033
2018-12-25,152033
2018-12-26,149687
2018-12-27,152337
2018-12-28,152337
2018-12-29,153815
2018-12-30,155153
2018-12-31,154534
2019-01-01,154534
2019-01-02,154003
2019-01-03,157926
2019-01-04,157926
2019-01-05,157483
2019-01-06,157509
2019-01-08,159277
2019-01-10,156369
2019-01-11,156369
2019-01-12,154600
2019-01-13,153271
2019-01-14,154584
2019-01-15,152135
2019-01-16,149293
2019-01-17,145615
2019-01-18,145615
2019-01-19,142859
2019-01-20,139679
2019-01-21,139679
2019-01-22,135354
2019-01-23,133041
2019-01-24,133041
2019-01-25,132264
2019-01-26,133205
2019-01-27,135831
2019-01-28,139749
2019-01-29,142476
2019-01-30,142476
2019-01-31,146317
2019-02-01,151077
2019-02-02,151077
2019-02-03,150399
2019-02-04,150399
2019-02-05,151829
2019-02-06,151829
2019-02-07,150420
2019-02-08,150420
2019-02-09,151031
2019-02-10,151031
2019-02-11,148344
2019-02-12,148344
2019-02-13,145751
2019-02-14,145751
2019-02-15,141824
2019-02-16,141824
2019-02-17,137824
2019-02-18,137824
2019-02-19,136062
2019-02-20,136062
2019-02-21,136047
2019-02-22,136047
2019-02-23,137860
2019-02-24,138392
2019-02-25,137718
2019-02-26,137718
2019-02-27,136478
2019-02-28,136478
2019-03-01,133088
2019-03-02,133088
2019-03-03,130880
2019-03-04,126619
2019-03-05,126619
2019-03-06,124380
2019-03-07,124380
2019-03-08,124325
2019-03-09,121844
2019-03-10,121705
2019-03-11,119764
2019-03-12,120120
2019-03-13,120120
2019-03-14,120531
2019-03-15,120531
2019-03-16,121423
2019-03-17,119113
2019-03-18,119113
2019-03-19,120055
2019-03-20,118152
2019-03-21,115784
2019-03-22,115784
2019-03-23,115802
2019-03-24,112095
2019-03-25,112095
2019-03-26,111662
2019-03-27,111662
2019-03-28,113192
2019-03-29,111397
2019-03-30,111397
2019-03-31,107583
2019-04-01,107583
2019-04-02,107196
2019-04-03,107494
2019-04-04,107494
2019-04-05,107235
2019-04-06,107235
2019-04-07,105797
2019-04-08,105797
2019-04-09,104730
2019-04-10,104730
2019-04-11,104153
2019-04-12,104577
2019-04-13,105751
2019-04-14,105615
2019-04-15,105615
2019-04-16,104181
2019-04-17,104181
2019-04-18,100265
2019-04-19,96617
2019-04-20,94924
2019-04-21,94924
2019-04-22,92838
2019-04-23,88970
2019-04-24,88970
2019-04-25,84549
2019-04-26,80712
2019-04-27,80712
2019-04-28,78293
2019-04-29,78293
2019-04-30,77091
2019-05-01,77091
2019-05-02,76052
2019-05-03,75167
2019-05-04,73535
2019-05-05,73535
2019-05-06,71954
2019-05-07,71092
2019-05-08,71092
2019-05-09,69395
2019-05-10,68637
2019-05-11,68637
2019-05-12,67305
2019-05-13,66283
2019-05-14,66283
2019-05-15,65545
2019-05-16,65545
2019-05-17,64989
2019-05-18,64803
2019-05-19,64803
2019-05-20,64115
2019-05-21,64115
2019-05-22,64855
2019-05-23,64855
2019-05-24,65718
2019-05-25,65718
2019-05-26,65550
2019-05-27,65326
2019-05-28,65326
2019-05-29,64608
2019-05-30,64608
2019-05-31,64650
2019-06-01,64650
2019-06-02,64411
2019-06-03,64411
2019-06-04,64075
2019-06-05,64075
2019-06-06,64698
2019-06-07,64698
2019-06-08,64553
2019-06-09,65473
2019-06-10,65473
2019-06-11,65630
2019-06-12,65630
2019-06-13,65447
2019-06-14,65447
2019-06-15,65992
2019-06-16,66282
2019-06-17,66282
2019-06-18,65988
2019-06-19,65988
2019-06-20,64916
2019-06-21,64916
2019-06-22,64065
2019-06-23,62773
2019-06-24,62773
2019-06-25,62744
2019-06-26,62744
2019-06-27,62399
2019-06-28,62399
2019-06-29,63229
2019-06-30,63229
2019-07-01,63075
2019-07-02,63075
2019-07-03,62861
2019-07-04,62861
2019-07-05,63983
2019-07-06,63983
2019-07-07,65524
2019-07-08,65524
2019-07-09,67493
2019-07-10,67493
2019-07-11,69343
2019-07-12,70870
2019-07-13,70870
2019-07-14,74071
2019-07-15,74071
2019-07-16,76545
2019-07-17,79023
2019-07-18,79023
2019-07-19,79023
2019-07-20,81819
2019-07-21,81819
2019-07-22,84459
2019-07-23,84459
2019-07-24,86472
2019-07-25,86472
2019-07-26,87350
2019-07-27,87350
2019-07-28,85195
2019-07-29,85195
2019-07-30,84309
2019-07-31,84309
2019-08-01,82226
2019-08-02,82226
2019-08-03,81237
2019-08-04,81237
2019-08-05,81162
2019-08-06,81162
2019-08-07,82546
2019-08-08,82546
2019-08-09,82546
2019-08-10,84202
2019-08-11,84202
2019-08-12,84395
2019-08-13,84395
2019-08-14,86964
2019-08-15,86964
2019-08-16,86633
2019-08-17,86633
2019-08-18,87295
2019-08-19,87295
2019-08-20,89358
2019-08-21,89358
2019-08-22,92473
2019-08-23,92473
2019-08-24,97019
2019-08-24,97019
2019-08-25,97019
2019-08-25,97019
2019-08-26,101326
2019-08-27,101326
2019-08-27,101326
2019-08-28,102584
2019-08-29,102584
2019-08-30,103446
2019-08-31,103446
2019-09-01,104132
2019-09-02,104132
2019-09-03,101359
2019-09-04,101359
2019-09-05,104117
2019-09-06,104117
2019-09-07,105147
2019-09-08,105147
2019-09-09,103433
2019-09-10,103433
2019-09-11,104128
2019-09-12,104128
2019-09-13,104128
2019-09-14,106665
2019-09-15,106665
2019-09-16,106389
2019-09-17,106389
2019-09-18,104012
2019-09-19,104012
2019-09-20,104012
2019-09-21,101205
2019-09-22,101205
2019-09-23,98383
2019-09-24,98383
2019-09-25,95321
2019-09-26,95321
2019-09-27,94145
2019-09-28,94145
2019-09-29,94145
2019-09-30,93930
2019-10-01,92124
2019-10-02,92124
2019-10-03,92124
2019-10-04,94095
2019-10-05,94095
2019-10-06,93679
2019-10-07,93679
2019-10-08,93320
2019-10-09,93320
2019-10-10,93320
2019-10-11,93592
2019-10-12,93592
2019-10-13,93852
2019-10-14,93852
2019-10-15,95057
2019-10-16,95057
2019-10-17,95057
2019-10-18,94109
2019-10-19,94109
2019-10-20,96541
2019-10-21,96541
2019-10-22,98283
2019-10-23,98283
2019-10-24,99552
2019-10-25,99552
2019-10-26,98995
2019-10-27,98995
2019-10-28,98450
2019-10-29,98450
2019-10-30,98450
2019-10-31,96963
2019-11-01,96963
2019-11-02,98902
2019-11-03,98902
2019-11-04,100166
2019-11-05,100166
2019-11-06,100166
2019-11-07,102651
2019-11-08,102651
2019-11-09,103538
2019-11-10,103538
2019-11-11,103577
2019-11-12,103577
2019-11-13,103577
2019-11-14,106216
2019-11-15,106216
2019-11-16,109866
2019-11-17,109866
2019-11-18,110443
2019-11-19,110443
2019-11-20,110443
2019-11-21,112998
2019-11-22,112998
2019-11-23,113200
2019-11-24,113200
2019-11-25,113200
2019-11-26,113519
2019-11-27,113519
2019-11-28,113519
2019-11-29,115064
2019-11-30,115064
2019-12-01,119717
2019-12-02,119717
2019-12-03,119717
2019-12-04,122800
2019-12-05,122800
2019-12-06,124168
2019-12-07,124168
2019-12-08,124168
2019-12-09,126857
2019-12-10,126857
2019-12-11,131219
2019-12-12,131219
2019-12-13,131219
2019-12-14,130495
2019-12-15,130495
2019-12-16,129932
2019-12-17,129932
2019-12-18,129932
2019-12-19,128857
2019-12-20,128857
2019-12-21,131609
2019-12-22,131609
2019-12-23,131528
2019-12-24,131528
2019-12-25,131624
2019-12-26,131624
2019-12-27,128234
2019-12-28,128234
2019-12-29,128234
2019-12-30,132602
2019-12-31,132602
2020-01-01,133439
2020-01-02,133439
2020-01-03,131583
2020-01-04,131583
2020-01-05,129659
2020-01-06,129659
2020-01-07,129972
2020-01-08,129972
2020-01-09,129972
2020-01-10,130099
2020-01-11,130099
2020-01-12,130025
2020-01-13,130025
2020-01-14,130025
2020-01-15,130698
2020-01-16,130698
2020-01-17,129267
2020-01-18,129267
2020-01-19,127815
2020-01-20,127815
2020-01-21,127815
2020-01-22,130465
2020-01-23,130465
2020-01-24,131751
2020-01-25,131751
2020-01-26,128136
2020-01-27,128136
2020-01-28,128136
2020-01-29,127973
2020-01-30,127973
2020-01-31,128863
2020-02-01,128863
2020-02-02,128770
2020-02-03,128770
2020-02-04,129628
2020-02-05,129628
2020-02-06,132057
2020-02-07,132057
2020-02-08,130135
2020-02-09,130135
2020-02-10,132052
2020-02-11,132052
2020-02-12,135753
2020-02-13,135753
2020-02-14,134225
2020-02-15,134225
2020-02-16,134225
2020-02-17,130050
2020-02-18,130050
2020-02-19,130114
2020-02-20,130114
2020-02-21,131728
2020-02-22,131728
2020-02-23,133262
2020-02-24,133262
2020-02-25,132804
2020-02-26,132804
2020-02-27,131494
2020-02-28,131494
2020-02-29,127016
2020-03-01,127016
2020-03-02,121600
2020-03-03,121600
2020-03-04,119190
2020-03-05,119190
2020-03-06,116167
2020-03-07,116167
2020-03-08,115488
2020-03-09,115488
2020-03-10,116626
2020-03-11,116626
2020-03-12,117808
2020-03-13,117808
2020-03-14,117094
2020-03-15,117094
2020-03-16,118959
2020-03-17,118959
2020-03-18,118449
2020-03-19,118449
2020-03-20,117863
2020-03-21,117863
2020-03-22,116956
2020-03-23,116956
2020-03-24,119380
2020-03-25,119380
2020-03-26,121207
2020-03-27,121207
2020-03-28,123016
2020-03-29,124289
2020-03-30,124289
2020-03-31,125492
2020-04-01,125492
2020-04-02,124290
2020-04-03,124290
2020-04-04,119380
2020-04-05,119380
2020-04-06,116193
2020-04-07,116193
2020-04-08,113938
2020-04-09,113938
2020-04-10,113333
2020-04-11,112687
2020-04-12,112687
2020-04-13,109573
2020-04-14,106235
2020-04-15,104880
2020-04-16,104880
2020-04-17,104858
2020-04-18,104712
2020-04-19,100188
2020-04-20,99396
2020-04-21,99396
2020-04-22,101140
2020-04-23,101140
2020-04-24,102840
2020-04-25,102840
2020-04-26,103404
2020-04-27,104343
2020-04-28,106104
2020-04-29,106104
2020-04-30,107924
2020-05-01,107924
2020-05-02,105923
2020-05-03,103059
2020-05-04,103059
2020-05-05,100651
2020-05-06,99907
2020-05-07,99907
2020-05-08,99763
2020-05-09,99176
2020-05-10,99176
2020-05-11,99362
2020-05-12,99362
2020-05-13,100942
