date_obj,Cannon%20barrels price
2015-03-26,174710
2015-03-27,174710
2015-03-28,177505
2015-03-29,177505
2015-03-30,177505
2015-03-31,177505
2015-04-01,181644
2015-04-02,181644
2015-04-03,181644
2015-04-04,181644
2015-04-05,186447
2015-04-06,186447
2015-04-07,186447
2015-04-08,186447
2015-04-09,186447
2015-04-10,187763
2015-04-11,187763
2015-04-12,187763
2015-04-13,187763
2015-04-14,186043
2015-04-15,186043
2015-04-16,186043
2015-04-17,186043
2015-04-18,184997
2015-04-19,184997
2015-04-20,184997
2015-04-21,184997
2015-04-22,184997
2015-04-23,185381
2015-04-24,185381
2015-04-25,185381
2015-04-26,185381
2015-04-27,185381
2015-04-28,182357
2015-04-29,182357
2015-04-30,182357
2015-05-01,182357
2015-05-02,181067
2015-05-03,181067
2015-05-04,181067
2015-05-05,181067
2015-05-06,181067
2015-05-07,186013
2015-05-08,186013
2015-05-09,186013
2015-05-10,186013
2015-05-11,186013
2015-05-12,187052
2015-05-13,187052
2015-05-14,187052
2015-05-15,187052
2015-05-16,187052
2015-05-17,184450
2015-05-18,184450
2015-05-19,184450
2015-05-20,184450
2015-05-21,184450
2015-05-22,185652
2015-05-23,185652
2015-05-24,185652
2015-05-25,185652
2015-05-26,185015
2015-05-27,185015
2015-05-28,185015
2015-05-29,185015
2015-05-30,180534
2015-05-31,180534
2015-06-01,180534
2015-06-02,180534
2015-06-03,181812
2015-06-04,181812
2015-06-05,181812
2015-06-06,181812
2015-06-07,179203
2015-06-08,179203
2015-06-09,179203
2015-06-10,179203
2015-06-11,180912
2015-06-12,180912
2015-06-13,180912
2015-06-14,180912
2015-06-15,179221
2015-06-16,179221
2015-06-17,179221
2015-06-18,182709
2015-06-19,182709
2015-06-20,182709
2015-06-21,182709
2015-06-22,187821
2015-06-23,187821
2015-06-24,187821
2015-06-25,187821
2015-06-26,187892
2015-06-27,187892
2015-06-28,187892
2015-06-29,187892
2015-06-30,188024
2015-07-01,188024
2015-07-02,188024
2015-07-03,188024
2015-07-04,184379
2015-07-05,184379
2015-07-06,184379
2015-07-07,184379
2015-07-08,189443
2015-07-09,189443
2015-07-10,189443
2015-07-11,189443
2015-07-12,188761
2015-07-13,188761
2015-07-14,188761
2015-07-15,191850
2015-07-16,191850
2015-07-17,191850
2015-07-18,191850
2015-07-19,193819
2015-07-20,193819
2015-07-21,193819
2015-07-22,192765
2015-07-23,192765
2015-07-24,192765
2015-07-25,192765
2015-07-26,189970
2015-07-27,189970
2015-07-28,189970
2015-07-29,188186
2015-07-30,188186
2015-07-31,188186
2015-08-01,188186
2015-08-02,187996
2015-08-03,187996
2015-08-04,187996
2015-08-05,184676
2015-08-06,184676
2015-08-07,184676
2015-08-08,185269
2015-08-09,185269
2015-08-10,185269
2015-08-11,187549
2015-08-12,187549
2015-08-13,187549
2015-08-14,187549
2015-08-15,187549
2015-08-16,188613
2015-08-17,188613
2015-08-18,188613
2015-08-19,188613
2015-08-20,188613
2015-08-21,189881
2015-08-22,189881
2015-08-23,189881
2015-08-24,189881
2015-08-25,189881
2015-08-26,189881
2015-08-27,187896
2015-08-28,187896
2015-08-29,187896
2015-08-30,187896
2015-08-31,187896
2015-09-01,183498
2015-09-02,183498
2015-09-03,183498
2015-09-04,183498
2015-09-05,183498
2015-09-06,183498
2015-09-07,184831
2015-09-08,184831
2015-09-09,184831
2015-09-10,184831
2015-09-11,184831
2015-09-12,185658
2015-09-13,185658
2015-09-14,185658
2015-09-15,185658
2015-09-16,185658
2015-09-17,188719
2015-09-18,188719
2015-09-19,188719
2015-09-20,188719
2015-09-21,188719
2015-09-22,188719
2015-09-23,186281
2015-09-24,186281
2015-09-25,186281
2015-09-27,186281
2015-09-28,186281
2015-09-29,187510
2015-09-30,187510
2015-10-05,188664
2015-10-06,188664
2015-10-07,188664
2015-10-08,188664
2015-10-09,185082
2015-10-10,185082
2015-10-11,185082
2015-10-12,185082
2015-10-13,185082
2015-10-14,185082
2015-10-15,184475
2015-10-16,184475
2015-10-17,184475
2015-10-18,184475
2015-10-19,184475
2015-10-20,183254
2015-10-22,183254
2015-10-23,183254
2015-10-24,183254
2015-10-25,182595
2015-10-26,182595
2015-10-27,182595
2015-10-29,182595
2015-10-30,182595
2015-10-31,181880
2015-11-01,181880
2015-11-02,181880
2015-11-03,181880
2015-11-04,181880
2015-11-05,181880
2015-11-06,179631
2015-11-07,179631
2015-11-08,179631
2015-11-09,179631
2015-11-10,179631
2015-11-11,177480
2015-11-12,177480
2015-11-13,177480
2015-11-14,177480
2015-11-15,177480
2015-11-16,177480
2015-11-17,180288
2015-11-18,180288
2015-11-19,180288
2015-11-20,180288
2015-11-21,180288
2015-11-22,182100
2015-11-23,182100
2015-11-24,182100
2015-11-25,182100
2015-11-26,182100
2015-11-27,182100
2015-11-28,181690
2015-11-29,181690
2015-11-30,181690
2015-12-01,181690
2015-12-02,181690
2015-12-03,182700
2015-12-04,182700
2015-12-05,182700
2015-12-06,182700
2015-12-07,182700
2015-12-08,182700
2015-12-09,183488
2015-12-10,183488
2015-12-11,183488
2015-12-12,183488
2015-12-13,183488
2015-12-14,183488
2015-12-15,180939
2015-12-16,180939
2015-12-17,180939
2015-12-18,180939
2015-12-19,180939
2015-12-20,182182
2015-12-21,182182
2015-12-22,182182
2015-12-23,182182
2015-12-24,182182
2015-12-25,184708
2015-12-26,184708
2015-12-27,184708
2015-12-28,184708
2015-12-29,186235
2015-12-30,186235
2015-12-31,186235
2016-01-01,186235
2016-01-02,186235
2016-01-03,184679
2016-01-04,184679
2016-01-05,184679
2016-01-06,184679
2016-01-07,186352
2016-01-08,186352
2016-01-09,186352
2016-01-10,186352
2016-01-11,186352
2016-01-12,186427
2016-01-13,186427
2016-01-14,186427
2016-01-15,186427
2016-01-16,189229
2016-01-17,189229
2016-01-18,189229
2016-01-19,189229
2016-01-20,189768
2016-01-21,189768
2016-01-22,189768
2016-01-23,189768
2016-01-24,186184
2016-01-25,186184
2016-01-26,186184
2016-01-27,186548
2016-01-28,186548
2016-01-29,186548
2016-01-30,186548
2016-01-31,184627
2016-02-01,184627
2016-02-02,184627
2016-02-03,184627
2016-02-04,184722
2016-02-05,184722
2016-02-06,184722
2016-02-07,184722
2016-02-08,186132
2016-02-09,186132
2016-02-10,186132
2016-02-11,186132
2016-02-12,187125
2016-02-13,187125
2016-02-14,187125
2016-02-15,187125
2016-02-16,188178
2016-02-17,188178
2016-02-18,188178
2016-02-19,188178
2016-02-20,188178
2016-02-21,187117
2016-02-22,187117
2016-02-23,187117
2016-02-24,187117
2016-02-25,187413
2016-02-26,187413
2016-02-27,187413
2016-02-28,187413
2016-02-29,187785
2016-03-01,187785
2016-03-02,187785
2016-03-03,187785
2016-03-04,188531
2016-03-05,188531
2016-03-06,188531
2016-03-07,188531
2016-03-08,189969
2016-03-09,189969
2016-03-10,189969
2016-03-11,189969
2016-03-12,188850
2016-03-13,188850
2016-03-14,188850
2016-03-15,188850
2016-03-16,186039
2016-03-17,186039
2016-03-18,186039
2016-03-19,186039
2016-03-20,186414
2016-03-21,186414
2016-03-22,186414
2016-03-23,186414
2016-03-24,186591
2016-03-25,186591
2016-03-26,186591
2016-03-27,186591
2016-03-28,187192
2016-03-29,187192
2016-03-30,187192
2016-03-31,187192
2016-04-01,187192
2016-04-02,186224
2016-04-03,186224
2016-04-04,186224
2016-04-05,186224
2016-04-06,186917
2016-04-07,186917
2016-04-08,186917
2016-04-09,186917
2016-04-10,186769
2016-04-11,186769
2016-04-12,186769
2016-04-13,186769
2016-04-14,186769
2016-04-15,186395
2016-04-16,186395
2016-04-17,186395
2016-04-18,186395
2016-04-19,186910
2016-04-20,186910
2016-04-21,186910
2016-04-22,186910
2016-04-23,186910
2016-04-24,187706
2016-04-25,187706
2016-04-26,187706
2016-04-27,188909
2016-04-28,188909
2016-04-29,188909
2016-04-30,188909
2016-05-01,189893
2016-05-02,189893
2016-05-03,189893
2016-05-04,189893
2016-05-05,190481
2016-05-06,190481
2016-05-07,190481
2016-05-08,190481
2016-05-09,190149
2016-05-10,190149
2016-05-11,190149
2016-05-12,190149
2016-05-13,188000
2016-05-14,188000
2016-05-15,188000
2016-05-16,188000
2016-05-17,187647
2016-05-18,187647
2016-05-19,187647
2016-05-22,188757
2016-05-23,188757
2016-05-24,188480
2016-05-25,188480
2016-05-26,188480
2016-05-27,189042
2016-05-28,189042
2016-05-29,189042
2016-05-30,189042
2016-05-31,190572
2016-06-01,190572
2016-06-02,190572
2016-06-03,190572
2016-06-04,189586
2016-06-05,189586
2016-06-06,189586
2016-06-07,189586
2016-06-08,188850
2016-06-09,188850
2016-06-10,188850
2016-06-11,188850
2016-06-12,188408
2016-06-13,188408
2016-06-14,188408
2016-06-15,188408
2016-06-16,190274
2016-06-17,190274
2016-06-18,190274
2016-06-19,188407
2016-06-20,188407
2016-06-21,188407
2016-06-22,188407
2016-06-23,189060
2016-06-24,189060
2016-06-25,189060
2016-06-26,189060
2016-06-27,190022
2016-06-28,190022
2016-06-29,190022
2016-06-30,190022
2016-07-01,189835
2016-07-02,189835
2016-07-03,189835
2016-07-04,189835
2016-07-05,187050
2016-07-06,187050
2016-07-07,187050
2016-07-08,187050
2016-07-09,187633
2016-07-10,187633
2016-07-11,187633
2016-07-12,187633
2016-07-13,189083
2016-07-14,189083
2016-07-15,189083
2016-07-16,189083
2016-07-17,190106
2016-07-18,190106
2016-07-23,189073
2016-07-24,189073
2016-07-25,186054
2016-07-26,186054
2016-07-27,186054
2016-07-28,186054
2016-07-29,182386
2016-07-30,182386
2016-07-31,182386
2016-08-01,182386
2016-08-02,182386
2016-08-03,180744
2016-08-04,180744
2016-08-05,180744
2016-08-06,180744
2016-08-07,181344
2016-08-08,181344
2016-08-09,181344
2016-08-10,181344
2016-08-11,181344
2016-08-12,183225
2016-08-13,183225
2016-08-14,183225
2016-08-15,183225
2016-08-16,184285
2016-08-17,184285
2016-08-18,184285
2016-08-19,184285
2016-08-20,181543
2016-08-21,181543
2016-08-22,181543
2016-08-23,181543
2016-08-24,182948
2016-08-25,182948
2016-08-26,182948
2016-08-28,182948
2016-08-31,180309
2016-09-01,180309
2016-09-02,180309
2016-09-03,182832
2016-09-04,182832
2016-09-05,182832
2016-09-06,182832
2016-09-07,186829
2016-09-08,186829
2016-09-09,186829
2016-09-10,186829
2016-09-11,186829
2016-09-12,188748
2016-09-13,188748
2016-09-14,188748
2016-09-15,188748
2016-09-16,188748
2016-09-17,187249
2016-09-18,187249
2016-09-19,187249
2016-09-20,187249
2016-09-21,187249
2016-09-22,187575
2016-09-23,187575
2016-09-24,187575
2016-09-25,187575
2016-09-26,187575
2016-09-27,188886
2016-09-28,188886
2016-09-29,188886
2016-09-30,188886
2016-10-01,189343
2016-10-02,189343
2016-10-03,189343
2016-10-04,189343
2016-10-05,189343
2016-10-06,189156
2016-10-07,189156
2016-10-08,189156
2016-10-09,189156
2016-10-10,189156
2016-10-11,188079
2016-10-12,188079
2016-10-13,188079
2016-10-14,188079
2016-10-15,186991
2016-10-16,186991
2016-10-17,186991
2016-10-18,186991
2016-10-19,186996
2016-10-20,186996
2016-10-21,186996
2016-10-22,186996
2016-10-23,188221
2016-10-24,188221
2016-10-25,188221
2016-10-26,188221
2016-10-27,188683
2016-10-28,188683
2016-10-29,188683
2016-10-30,188683
2016-10-31,188105
2016-11-01,188105
2016-11-02,188105
2016-11-03,188105
2016-11-04,189143
2016-11-05,189143
2016-11-06,189143
2016-11-07,189143
2016-11-08,185104
2016-11-09,185104
2016-11-10,185104
2016-11-11,185104
2016-11-12,185706
2016-11-13,185706
2016-11-14,185706
2016-11-15,185706
2016-12-07,181140
2016-12-08,181140
2016-12-09,184504
2016-12-10,184504
2016-12-11,184504
2016-12-12,184504
2016-12-13,185504
2016-12-14,185504
2016-12-15,185504
2016-12-16,185504
2016-12-17,187449
2016-12-18,187449
2016-12-19,187449
2016-12-20,187449
2016-12-21,187277
2016-12-22,187277
2016-12-23,187277
2016-12-24,187277
2016-12-25,185567
2016-12-26,185567
2016-12-27,185567
2016-12-28,185567
2016-12-29,185330
2016-12-30,185330
2016-12-31,185330
2017-01-01,185330
2017-01-02,186534
2017-01-03,186534
2017-01-04,186534
2017-01-05,180688
2017-01-06,180688
2017-01-07,180688
2017-01-08,178890
2017-01-09,178890
2017-01-10,178890
2017-01-11,184773
2017-01-12,184773
2017-01-13,184773
2017-01-14,186605
2017-01-15,186605
2017-01-16,186605
2017-01-17,186290
2017-01-18,186290
2017-01-19,186290
2017-01-20,186290
2017-01-21,186491
2017-01-22,186491
2017-01-23,186491
2017-01-27,187266
2017-01-28,187266
2017-01-29,187266
2017-01-30,186418
2017-01-31,186418
2017-02-01,186418
2017-02-02,185625
2017-02-03,185625
2017-02-04,185625
2017-02-05,186148
2017-02-06,186148
2017-02-07,186148
2017-02-08,186370
2017-02-09,186370
2017-02-10,186370
2017-02-11,183408
2017-02-12,183408
2017-02-13,183408
2017-02-14,186326
2017-02-15,186326
2017-02-16,186326
2017-02-18,186280
2017-02-19,186280
2017-02-20,186280
2017-02-21,186494
2017-02-22,186494
2017-02-23,186494
2017-02-24,186494
2017-02-25,186497
2017-02-26,186497
2017-02-27,186497
2017-02-28,187307
2017-03-01,187307
2017-03-02,187307
2017-03-03,189172
2017-03-04,189172
2017-03-05,189172
2017-03-06,189541
2017-03-07,189541
2017-03-08,189541
2017-03-09,189541
2017-03-10,188369
2017-03-11,188369
2017-03-12,188369
2017-03-13,188088
2017-03-14,188088
2017-03-15,188088
2017-03-16,185495
2017-03-17,185495
2017-03-18,185495
2017-03-19,183246
2017-03-20,183246
2017-03-21,183246
2017-03-22,185097
2017-03-23,185097
2017-03-24,185097
2017-03-25,186633
2017-03-26,186633
2017-03-27,186633
2017-03-28,188127
2017-03-29,188127
2017-03-30,188127
2017-03-31,186637
2017-04-01,186637
2017-04-02,186637
2017-04-03,188557
2017-04-04,188557
2017-04-12,183368
2017-04-13,183368
2017-04-14,183368
2017-04-15,184484
2017-04-16,184484
2017-04-17,187158
2017-04-18,187158
2017-04-19,187158
2017-04-20,187614
2017-04-21,187614
2017-04-22,187614
2017-04-23,188412
2017-04-24,188412
2017-04-25,188347
2017-04-26,188347
2017-04-27,188347
2017-04-28,188130
2017-04-29,188130
2017-04-30,188130
2017-05-01,188194
2017-05-02,188194
2017-05-03,188194
2017-05-04,186778
2017-05-05,186778
2017-05-06,186778
2017-05-07,182378
2017-05-08,182378
2017-05-09,182599
2017-05-10,182599
2017-05-11,182599
2017-05-12,183852
2017-05-13,183852
2017-05-14,183852
2017-05-15,187232
2017-05-16,187232
2017-05-17,187232
2017-05-18,188381
2017-05-19,188381
2017-05-20,188381
2017-05-21,188521
2017-05-22,188521
2017-05-23,188521
2017-05-24,188752
2017-05-25,188752
2017-05-26,188752
2017-05-27,183753
2017-05-28,183753
2017-05-29,183753
2017-05-30,182118
2017-05-31,182118
2017-06-01,182118
2017-06-02,181320
2017-06-03,181320
2017-06-04,181320
2017-06-05,185325
2017-06-06,185325
2017-06-07,183968
2017-06-08,183968
2017-06-09,183968
2017-06-10,182122
2017-06-11,182122
2017-06-12,182122
2017-06-13,179956
2017-06-14,179956
2017-06-15,179956
2017-06-16,182285
2017-06-17,182285
2017-06-18,182285
2017-06-19,185618
2017-06-20,185618
2017-06-21,186451
2017-06-22,186451
2017-06-23,186451
2017-06-24,186451
2017-06-25,184603
2017-06-26,184603
2017-06-27,184062
2017-06-28,184062
2017-06-29,184062
2017-06-30,186098
2017-07-01,186098
2017-07-02,186098
2017-07-03,182839
2017-07-04,182839
2017-07-05,182839
2017-07-06,183058
2017-07-07,183058
2017-07-08,183058
2017-07-13,186003
2017-07-14,186003
2017-07-15,183653
2017-07-16,183653
2017-07-17,183653
2017-07-18,182536
2017-07-19,182536
2017-07-20,182536
2017-07-21,184753
2017-07-22,184753
2017-07-23,184753
2017-07-24,185160
2017-07-25,185160
2017-07-26,185160
2017-07-27,186438
2017-07-28,186438
2017-07-29,186438
2017-07-30,186019
2017-07-31,186019
2017-08-01,186019
2017-08-02,187431
2017-08-03,187431
2017-08-04,187431
2017-08-05,188495
2017-08-06,188495
2017-08-09,187133
2017-08-10,188711
2017-08-11,188711
2017-08-12,188711
2017-08-13,190030
2017-08-14,190030
2017-08-15,190030
2017-08-16,186377
2017-08-17,186377
2017-08-18,186377
2017-08-19,184854
2017-08-20,184854
2017-08-21,186332
2017-08-22,186332
2017-08-23,187585
2017-08-24,187585
2017-08-25,187585
2017-08-26,187563
2017-08-27,187563
2017-08-28,187563
2017-08-29,187381
2017-08-30,187381
2017-08-31,187381
2017-09-01,187689
2017-09-02,187689
2017-09-03,187674
2017-09-04,187674
2017-09-05,187351
2017-09-06,187351
2017-09-07,186619
2017-09-08,186619
2017-09-09,186619
2017-09-10,187385
2017-09-11,187385
2017-09-12,187385
2017-09-13,188394
2017-09-14,188394
2017-09-15,188394
2017-09-16,190179
2017-09-17,190179
2017-09-18,189965
2017-09-19,189965
2017-09-20,189965
2017-09-21,189001
2017-09-22,189001
2017-09-23,189001
2017-09-24,187435
2017-09-25,187435
2017-09-26,187435
2017-09-27,187721
2017-09-28,187721
2017-09-29,187808
2017-09-30,187808
2017-10-01,187808
2017-10-02,187619
2017-10-03,187619
2017-10-04,187619
2017-10-05,186228
2017-10-06,186228
2017-10-07,186228
2017-10-08,184015
2017-10-09,184015
2017-10-10,184015
2017-10-11,184943
2017-10-12,184943
2017-10-13,187021
2017-10-14,187021
2017-10-15,187021
2017-10-16,185049
2017-10-17,185049
2017-10-18,185049
2017-10-19,187443
2017-10-20,187443
2017-10-21,187443
2017-10-22,183563
2017-10-23,183563
2017-10-24,183563
2017-10-25,181927
2017-10-26,181927
2017-10-27,181927
2017-10-28,180462
2017-10-29,180462
2017-10-30,182162
2017-10-31,182162
2017-11-01,182162
2017-11-02,182918
2017-11-03,182918
2017-11-04,184164
2017-11-05,184164
2017-11-06,184164
2017-11-07,186565
2017-11-08,186565
2017-11-09,186565
2017-11-10,189510
2017-11-11,189510
2017-11-12,189510
2017-11-13,185037
2017-11-14,185037
2017-11-15,185037
2017-11-16,182194
2017-11-17,182194
2017-11-18,182194
2017-11-19,182127
2017-11-20,182127
2017-11-21,182842
2017-11-22,182842
2017-11-23,182842
2017-11-24,183395
2017-11-25,183395
2017-11-26,182820
2017-11-27,182820
2017-11-28,182820
2017-11-29,184938
2017-11-30,184938
2017-12-01,183324
2017-12-02,183324
2017-12-03,183324
2017-12-04,182086
2017-12-05,182086
2017-12-06,183842
2017-12-07,183842
2017-12-08,183842
2017-12-09,182986
2017-12-10,182986
2017-12-11,183564
2017-12-12,183564
2017-12-13,183564
2017-12-14,186359
2017-12-15,186359
2017-12-16,187105
2017-12-17,187105
2017-12-18,188978
2017-12-19,188978
2017-12-20,188978
2017-12-21,189676
2017-12-22,189676
2017-12-23,189676
2017-12-24,188482
2017-12-25,188482
2017-12-26,188482
2017-12-27,189124
2017-12-28,189124
2017-12-29,189124
2017-12-30,188060
2017-12-31,188060
2018-01-01,188060
2018-01-02,187053
2018-01-03,187053
2018-01-04,188715
2018-01-05,188715
2018-01-06,187446
2018-01-07,187446
2018-01-08,187588
2018-01-09,187588
2018-01-10,187588
2018-01-11,187424
2018-01-12,187424
2018-01-13,188176
2018-01-14,188176
2018-01-15,186421
2018-01-16,186421
2018-01-17,187385
2018-01-18,187385
2018-01-19,187385
2018-01-20,185783
2018-01-21,185783
2018-01-22,184953
2018-01-23,184953
2018-01-24,187005
2018-01-25,187005
2018-01-26,185660
2018-01-27,185660
2018-01-28,185214
2018-01-29,185214
2018-01-30,185969
2018-01-31,185969
2018-02-01,184949
2018-02-02,184949
2018-02-03,182736
2018-02-04,182736
2018-02-05,185885
2018-02-06,185885
2018-02-07,184270
2018-02-08,184270
2018-02-09,185635
2018-02-10,185635
2018-02-11,187142
2018-02-12,187142
2018-02-13,185626
2018-02-14,185626
2018-02-15,188202
2018-02-16,188202
2018-02-17,187085
2018-02-18,187085
2018-02-19,187883
2018-02-20,187883
2018-02-21,186860
2018-02-22,186860
2018-02-23,187260
2018-02-24,187260
2018-02-25,186615
2018-02-26,186615
2018-02-27,186943
2018-02-28,186943
2018-03-01,186387
2018-03-02,187820
2018-03-03,187820
2018-03-04,186937
2018-03-05,188261
2018-03-06,188261
2018-03-07,185924
2018-03-08,185924
2018-03-09,187576
2018-03-10,187576
2018-03-11,187289
2018-03-12,187289
2018-03-13,187797
2018-03-14,187797
2018-03-15,185345
2018-03-16,185345
2018-03-17,184895
2018-03-18,184895
2018-03-20,185814
2018-03-21,185814
2018-03-23,186063
2018-03-24,185480
2018-03-25,185480
2018-03-26,187146
2018-03-27,186508
2018-03-28,186508
2018-03-29,187779
2018-03-30,187779
2018-03-31,186335
2018-04-01,186335
2018-04-02,189839
2018-04-03,189839
2018-04-04,188510
2018-04-05,188510
2018-04-06,186449
2018-04-07,186449
2018-04-08,187123
2018-04-09,187123
2018-04-10,186182
2018-04-11,186182
2018-04-12,186474
2018-04-13,186474
2018-04-14,184298
2018-04-15,185908
2018-04-16,185908
2018-04-17,187688
2018-04-18,187688
2018-04-19,187688
2018-04-20,187837
2018-04-21,187837
2018-04-22,187800
2018-04-23,187800
2018-04-24,187596
2018-04-25,187596
2018-04-26,186645
2018-04-27,186645
2018-04-28,187248
2018-04-29,187248
2018-04-30,187267
2018-05-01,187267
2018-05-02,186990
2018-05-03,186990
2018-05-04,189099
2018-05-05,188684
2018-05-06,188684
2018-05-07,187623
2018-05-08,187623
2018-05-09,186899
2018-05-10,186899
2018-05-11,188159
2018-05-12,188159
2018-05-13,185917
2018-05-14,185917
2018-05-15,188751
2018-05-16,188751
2018-05-17,188604
2018-05-18,188935
2018-05-19,188935
2018-05-20,187335
2018-05-21,187335
2018-05-22,185238
2018-05-23,187995
2018-05-24,187995
2018-05-25,187201
2018-05-26,187594
2018-05-27,187594
2018-05-28,187422
2018-05-29,187422
2018-05-30,188261
2018-05-31,188261
2018-06-01,186811
2018-06-02,188642
2018-06-03,188642
2018-06-04,187110
2018-06-05,187091
2018-06-06,185978
2018-06-07,185978
2018-06-08,185435
2018-06-09,185435
2018-06-10,186949
2018-06-11,186949
2018-06-12,186712
2018-06-13,187097
2018-06-14,187097
2018-06-15,187816
2018-06-16,187816
2018-06-17,188051
2018-06-18,188051
2018-06-19,187688
2018-06-20,187688
2018-06-21,187563
2018-06-22,187563
2018-06-23,187835
2018-06-24,187835
2018-06-25,188390
2018-06-26,188390
2018-06-27,188882
2018-06-28,188882
2018-06-29,188603
2018-06-30,188603
2018-07-01,189659
2018-07-02,189659
2018-07-03,190713
2018-07-04,190713
2018-07-05,189770
2018-07-06,189527
2018-07-07,189527
2018-07-08,188226
2018-07-09,188226
2018-07-10,187964
2018-07-11,187964
2018-07-12,187964
2018-07-13,188301
2018-07-14,187446
2018-07-15,187446
2018-07-16,188286
2018-07-17,189781
2018-07-18,189781
2018-07-19,188932
2018-07-20,188932
2018-07-21,187254
2018-07-22,188097
2018-07-23,184695
2018-07-24,184695
2018-07-25,188410
2018-07-26,188410
2018-07-27,188239
2018-07-28,188239
2018-07-29,186400
2018-07-30,186400
2018-07-31,187548
2018-08-01,187548
2018-08-02,188246
2018-08-03,188246
2018-08-04,188177
2018-08-05,188177
2018-08-06,188528
2018-08-07,188528
2018-08-08,188211
2018-08-09,188211
2018-08-10,188500
2018-08-11,188500
2018-08-12,188148
2018-08-14,185225
2018-08-16,187652
2018-08-17,187787
2018-08-18,187787
2018-08-19,187615
2018-08-20,188012
2018-08-21,188012
2018-08-22,187240
2018-08-23,187240
2018-08-24,187495
2018-08-25,186822
2018-08-26,186822
2018-08-27,186857
2018-08-28,187446
2018-08-29,187446
2018-08-30,187574
2018-08-31,186562
2018-09-01,185549
2018-09-02,185549
2018-09-03,182979
2018-09-04,181449
2018-09-05,186016
2018-09-06,186016
2018-09-07,185479
2018-09-08,184036
2018-09-09,184036
2018-09-10,184671
2018-09-11,184671
2018-09-12,188157
2018-09-13,188157
2018-09-14,188634
2018-09-15,189679
2018-09-16,189679
2018-09-17,190018
2018-09-18,190291
2018-09-19,190291
2018-09-20,189952
2018-09-21,189952
2018-09-22,188740
2018-09-23,188740
2018-09-24,188795
2018-09-25,188795
2018-09-26,190068
2018-09-27,190068
2018-09-28,185927
2018-09-29,185927
2018-09-30,184605
2018-10-01,186430
2018-10-02,186430
2018-10-03,188588
2018-10-04,188588
2018-10-05,188318
2018-10-06,188774
2018-10-07,188774
2018-10-08,188119
2018-10-09,188119
2018-10-10,187937
2018-10-11,187937
2018-10-12,186120
2018-10-13,185829
2018-10-14,185829
2018-10-15,184772
2018-10-16,184772
2018-10-17,185933
2018-10-18,185400
2018-10-19,187244
2018-10-20,187244
2018-10-21,187269
2018-10-22,189852
2018-10-23,189852
2018-10-24,186158
2018-10-25,186158
2018-10-26,188086
2018-10-27,187498
2018-10-28,188410
2018-10-29,188410
2018-10-30,188982
2018-10-31,188584
2018-11-01,188813
2018-11-03,187521
2018-11-04,187798
2018-11-05,187301
2018-11-06,189025
2018-11-07,189025
2018-11-08,188534
2018-11-09,188534
2018-11-10,189390
2018-11-11,189390
2018-11-12,189480
2018-11-13,189633
2018-11-14,189633
2018-11-15,188193
2018-11-16,187315
2018-11-17,187315
2018-11-18,188790
2018-11-19,187784
2018-11-20,185823
2018-11-21,185823
2018-11-22,184576
2018-11-23,186565
2018-11-24,188055
2018-11-25,187973
2018-11-26,187973
2018-11-27,187487
2018-11-28,187906
2018-11-29,188204
2018-12-01,187381
2018-12-02,186303
2018-12-03,186303
2018-12-04,185282
2018-12-05,184796
2018-12-07,185728
2018-12-09,187993
2018-12-10,186958
2018-12-11,186967
2018-12-12,187484
2018-12-13,187286
2018-12-14,184461
2018-12-15,189453
2018-12-16,186532
2018-12-17,186532
2018-12-18,186296
2018-12-19,187021
2018-12-20,187753
2018-12-21,187604
2018-12-22,189328
2018-12-23,188964
2018-12-24,187384
2018-12-25,187384
2018-12-26,186062
2018-12-27,186540
2018-12-28,186540
2018-12-29,187668
2018-12-30,186487
2018-12-31,187460
2019-01-01,187460
2019-01-02,188655
2019-01-03,187273
2019-01-04,187081
2019-01-05,187486
2019-01-06,188926
2019-01-08,186826
2019-01-10,186559
2019-01-11,188526
2019-01-12,188709
2019-01-13,188343
2019-01-14,187338
2019-01-15,187566
2019-01-16,188217
2019-01-17,187203
2019-01-18,185928
2019-01-19,187090
2019-01-20,187199
2019-01-21,187558
2019-01-22,186961
2019-01-23,187043
2019-01-24,186881
2019-01-25,183647
2019-01-26,185028
2019-01-27,185884
2019-01-28,186027
2019-01-29,185503
2019-01-30,185429
2019-01-31,185429
2019-02-01,186074
2019-02-02,186650
2019-02-03,186747
2019-02-04,186747
2019-02-05,185859
2019-02-06,185859
2019-02-07,186230
2019-02-08,187702
2019-02-09,187275
2019-02-10,187303
2019-02-11,187378
2019-02-12,184050
2019-02-13,184907
2019-02-14,184907
2019-02-15,185978
2019-02-16,186921
2019-02-17,188107
2019-02-18,187547
2019-02-19,187835
2019-02-20,187776
2019-02-21,185930
2019-02-22,187122
2019-02-23,186690
2019-02-24,187021
2019-02-25,187518
2019-02-26,187820
2019-02-27,188243
2019-02-28,188243
2019-03-01,187798
2019-03-02,183557
2019-03-03,184539
2019-03-04,185744
2019-03-05,186295
2019-03-06,186689
2019-03-07,187379
2019-03-08,187379
2019-03-09,188156
2019-03-10,189398
2019-03-11,189084
2019-03-12,188993
2019-03-13,188993
2019-03-14,188182
2019-03-15,188182
2019-03-16,187320
2019-03-17,187240
2019-03-18,187240
2019-03-19,187020
2019-03-20,188479
2019-03-21,187967
2019-03-22,187967
2019-03-23,186793
2019-03-24,186557
2019-03-25,186557
2019-03-26,186774
2019-03-27,186774
2019-03-28,187707
2019-03-29,185792
2019-03-30,185792
2019-03-31,186788
2019-04-01,186255
2019-04-02,186255
2019-04-03,188929
2019-04-04,188012
2019-04-05,187524
2019-04-06,187524
2019-04-07,187322
2019-04-08,187420
2019-04-09,187420
2019-04-10,185812
2019-04-11,181026
2019-04-12,183605
2019-04-13,187942
2019-04-14,187349
2019-04-15,187349
2019-04-16,187324
2019-04-17,187324
2019-04-18,186426
2019-04-19,188766
2019-04-20,188394
2019-04-21,188394
2019-04-22,188456
2019-04-23,186700
2019-04-24,186320
2019-04-25,187048
2019-04-26,186250
2019-04-27,186250
2019-04-28,185947
2019-04-29,185947
2019-04-30,186923
2019-05-01,186923
2019-05-02,188336
2019-05-03,189388
2019-05-04,189231
2019-05-05,188846
2019-05-06,188846
2019-05-07,188389
2019-05-08,188389
2019-05-09,187660
2019-05-10,189435
2019-05-11,188299
2019-05-12,188285
2019-05-13,189865
2019-05-14,187981
2019-05-15,187981
2019-05-16,189059
2019-05-17,189059
2019-05-18,188122
2019-05-19,188122
2019-05-20,187306
2019-05-21,187306
2019-05-22,186813
2019-05-23,187461
2019-05-24,185201
2019-05-25,181500
2019-05-26,186948
2019-05-27,188309
2019-05-28,189777
2019-05-29,186021
2019-05-30,187018
2019-05-31,187018
2019-06-01,187814
2019-06-02,187945
2019-06-03,188503
2019-06-04,188483
2019-06-05,188318
2019-06-06,188517
2019-06-07,188447
2019-06-08,188360
2019-06-09,188242
2019-06-10,188242
2019-06-11,187870
2019-06-12,188620
2019-06-13,188934
2019-06-14,188124
2019-06-15,188124
2019-06-16,186535
2019-06-17,186342
2019-06-18,186342
2019-06-19,187894
2019-06-20,188864
2019-06-21,188533
2019-06-22,188533
2019-06-23,188752
2019-06-24,189133
2019-06-25,188630
2019-06-26,190693
2019-06-27,188354
2019-06-28,188354
2019-06-29,188712
2019-06-30,189389
2019-07-01,189389
2019-07-02,188975
2019-07-03,188723
2019-07-04,188723
2019-07-05,184397
2019-07-06,186112
2019-07-07,188188
2019-07-08,188187
2019-07-09,187185
2019-07-10,186019
2019-07-11,185596
2019-07-12,185677
2019-07-13,185677
2019-07-14,183300
2019-07-15,183300
2019-07-16,183343
2019-07-17,183654
2019-07-18,183654
2019-07-19,184623
2019-07-20,184375
2019-07-21,182467
2019-07-22,179621
2019-07-23,182900
2019-07-24,182900
2019-07-25,182962
2019-07-26,182962
2019-07-27,183108
2019-07-28,185608
2019-07-29,186512
2019-07-30,188677
2019-07-31,187307
2019-08-01,187307
2019-08-02,185554
2019-08-03,185767
2019-08-04,185767
2019-08-05,183497
2019-08-06,183497
2019-08-07,183940
2019-08-08,183940
2019-08-09,185021
2019-08-10,184697
2019-08-11,184697
2019-08-12,183019
2019-08-13,185776
2019-08-14,184918
2019-08-15,183962
2019-08-16,183836
2019-08-17,183836
2019-08-18,184238
2019-08-19,184656
2019-08-20,184656
2019-08-21,184586
2019-08-22,184431
2019-08-23,184431
2019-08-24,184035
2019-08-24,184035
2019-08-25,184035
2019-08-25,184035
2019-08-26,187564
2019-08-26,187564
2019-08-27,187564
2019-08-27,187564
2019-08-28,187136
2019-08-29,187136
2019-08-30,186047
2019-08-31,186047
2019-09-01,187397
2019-09-02,187397
2019-09-03,185414
2019-09-04,185260
2019-09-05,185260
2019-09-06,183676
2019-09-07,183397
2019-09-08,186903
2019-09-09,186903
2019-09-10,188030
2019-09-11,188588
2019-09-12,188588
2019-09-13,188643
2019-09-14,188028
2019-09-15,188028
2019-09-16,189169
2019-09-17,189169
2019-09-18,188926
2019-09-19,188926
2019-09-20,188367
2019-09-21,187058
2019-09-22,187058
2019-09-23,184073
2019-09-24,184073
2019-09-25,183521
2019-09-26,184637
2019-09-27,184637
2019-09-28,185008
2019-09-29,185008
2019-09-30,187188
2019-10-01,188443
2019-10-02,188443
2019-10-03,188677
2019-10-04,188677
2019-10-05,187321
2019-10-06,188634
2019-10-07,188634
2019-10-08,188976
2019-10-09,188976
2019-10-10,188963
2019-10-11,188963
2019-10-12,190191
2019-10-13,190228
2019-10-14,190055
2019-10-15,190055
2019-10-16,188580
2019-10-17,188580
2019-10-18,188790
2019-10-19,188666
2019-10-20,188666
2019-10-21,189862
2019-10-22,189862
2019-10-23,188913
2019-10-24,188913
2019-10-25,185993
2019-10-26,186066
2019-10-27,186066
2019-10-28,189146
2019-10-29,189146
2019-10-30,190390
2019-10-31,185392
2019-11-01,185392
2019-11-02,183348
2019-11-03,182783
2019-11-04,182783
2019-11-05,183405
2019-11-06,183405
2019-11-07,185761
2019-11-08,185761
2019-11-09,185147
2019-11-10,186580
2019-11-11,186580
2019-11-12,184254
2019-11-13,184254
2019-11-14,182556
2019-11-15,182556
2019-11-16,182370
2019-11-17,182370
2019-11-18,182941
2019-11-19,182941
2019-11-20,183461
2019-11-21,183461
2019-11-22,183984
2019-11-23,183984
2019-11-24,183251
2019-11-25,183251
2019-11-26,183415
2019-11-27,183415
2019-11-28,182682
2019-11-29,182682
2019-11-30,183632
2019-12-01,183632
2019-12-02,183492
2019-12-03,186297
2019-12-04,186297
2019-12-05,187827
2019-12-06,187827
2019-12-07,187559
2019-12-08,187559
2019-12-09,181718
2019-12-10,181563
2019-12-11,181563
2019-12-12,183304
2019-12-13,183304
2019-12-14,183652
2019-12-15,184946
2019-12-16,184946
2019-12-17,186414
2019-12-18,186414
2019-12-19,185336
2019-12-20,185336
2019-12-21,185991
2019-12-22,186345
2019-12-23,186345
2019-12-24,184612
2019-12-25,187874
2019-12-26,187874
2019-12-27,184816
2019-12-28,183004
2019-12-29,183004
2019-12-30,178909
2019-12-31,178909
2020-01-01,179855
2020-01-02,183795
2020-01-03,183795
2020-01-04,185359
2020-01-05,186685
2020-01-06,186685
2020-01-07,184361
2020-01-08,184361
2020-01-09,179880
2020-01-10,177563
2020-01-11,177382
2020-01-12,178782
2020-01-13,178782
2020-01-14,180386
2020-01-15,182632
2020-01-16,184165
2020-01-17,183677
2020-01-18,183677
2020-01-19,184154
2020-01-20,184154
2020-01-21,187124
2020-01-22,187545
2020-01-23,190071
2020-01-24,189315
2020-01-25,189315
2020-01-26,188427
2020-01-27,188589
2020-01-28,188589
2020-01-29,185919
2020-01-30,185919
2020-01-31,188177
2020-02-01,189208
2020-02-02,189430
2020-02-03,189430
2020-02-04,189374
2020-02-05,189374
2020-02-06,184044
2020-02-07,184044
2020-02-08,183939
2020-02-09,183939
2020-02-10,185793
2020-02-11,185793
2020-02-12,186781
2020-02-13,186781
2020-02-14,186823
2020-02-15,186823
2020-02-16,185559
2020-02-17,183987
2020-02-18,187202
2020-02-19,187202
2020-02-20,185650
2020-02-21,185650
2020-02-22,186341
2020-02-23,186341
2020-02-24,188577
2020-02-25,184695
2020-02-26,185426
2020-02-27,185426
2020-02-28,189810
2020-02-29,189810
2020-03-01,190350
2020-03-02,190233
2020-03-03,190027
2020-03-04,190027
2020-03-05,190856
2020-03-06,189018
2020-03-07,189018
2020-03-08,186116
2020-03-09,189815
2020-03-10,189396
2020-03-11,189396
2020-03-12,188878
2020-03-13,188878
2020-03-14,189092
2020-03-15,189092
2020-03-16,187210
2020-03-17,184318
2020-03-18,185650
2020-03-19,185462
2020-03-20,185740
2020-03-21,186468
2020-03-22,185891
2020-03-23,185508
2020-03-24,187279
2020-03-25,187947
2020-03-26,188390
2020-03-27,189983
2020-03-28,189174
2020-03-29,190114
2020-03-30,186533
2020-03-31,185930
2020-04-01,187409
2020-04-02,186924
2020-04-03,186924
2020-04-04,185739
2020-04-05,187470
2020-04-06,187684
2020-04-07,186961
2020-04-08,187546
2020-04-09,187558
2020-04-10,187587
2020-04-11,187458
2020-04-12,188149
2020-04-13,188084
2020-04-14,187823
2020-04-15,187605
2020-04-16,187605
2020-04-17,184915
2020-04-18,184071
2020-04-19,184786
2020-04-20,187089
2020-04-21,187237
2020-04-22,187179
2020-04-23,184535
2020-04-24,184527
2020-04-25,184933
2020-04-26,186391
2020-04-27,186660
2020-04-28,189513
2020-04-29,188959
2020-04-30,188057
2020-05-01,187496
2020-05-02,188163
2020-05-03,189446
2020-05-04,188408
2020-05-05,188701
2020-05-06,185231
2020-05-07,185940
2020-05-08,186234
2020-05-09,188042
2020-05-10,188644
2020-05-11,187176
2020-05-12,187610
2020-05-13,186363
