date_obj,Iron%20platebody%20(t) price
2015-03-26,354576
2015-03-27,354576
2015-03-28,347142
2015-03-29,340532
2015-03-30,334729
2015-03-31,330229
2015-04-01,330229
2015-04-02,327628
2015-04-03,322791
2015-04-04,316833
2015-04-05,311467
2015-04-06,308193
2015-04-07,300837
2015-04-08,297286
2015-04-09,292640
2015-04-10,285407
2015-04-11,282226
2015-04-12,277944
2015-04-13,277502
2015-04-14,273579
2015-04-15,269206
2015-04-16,265381
2015-04-17,262347
2015-04-18,265162
2015-04-19,262922
2015-04-20,262922
2015-04-21,265113
2015-04-22,265113
2015-04-23,267970
2015-04-24,270151
2015-04-25,274056
2015-04-26,281642
2015-04-27,283377
2015-04-28,289229
2015-04-29,289229
2015-04-30,287663
2015-05-01,281056
2015-05-02,275704
2015-05-03,275704
2015-05-04,267455
2015-05-05,257599
2015-05-06,247821
2015-05-07,236433
2015-05-08,231369
2015-05-09,226500
2015-05-10,223342
2015-05-11,223342
2015-05-12,218875
2015-05-13,216180
2015-05-14,210722
2015-05-15,209149
2015-05-16,209149
2015-05-17,208129
2015-05-18,207942
2015-05-19,204417
2015-05-20,204417
2015-05-21,201499
2015-05-22,200190
2015-05-23,199280
2015-05-24,199638
2015-05-25,197569
2015-05-26,194488
2015-05-27,193910
2015-05-28,191144
2015-05-29,188289
2015-05-30,187245
2015-05-31,187245
2015-06-01,187337
2015-06-02,187337
2015-06-03,187870
2015-06-04,193467
2015-06-05,197951
2015-06-06,200418
2015-06-07,203727
2015-06-08,203727
2015-06-09,206785
2015-06-10,209383
2015-06-11,209383
2015-06-12,209172
2015-06-13,211525
2015-06-14,215360
2015-06-15,220452
2015-06-16,227215
2015-06-17,235053
2015-06-18,243296
2015-06-19,243296
2015-06-20,252150
2015-06-21,252150
2015-06-22,261870
2015-06-23,261870
2015-06-24,271815
2015-06-25,271815
2015-06-26,282012
2015-06-27,282012
2015-06-28,291482
2015-06-29,301489
2015-06-30,301489
2015-07-01,315184
2015-07-02,315184
2015-07-03,328372
2015-07-04,328372
2015-07-05,337811
2015-07-06,337811
2015-07-07,348673
2015-07-08,357020
2015-07-09,357020
2015-07-10,355052
2015-07-11,355052
2015-07-12,358511
2015-07-13,364987
2015-07-14,361746
2015-07-15,359652
2015-07-16,359652
2015-07-17,362663
2015-07-18,362663
2015-07-19,368812
2015-07-20,378176
2015-07-21,385455
2015-07-22,400693
2015-07-23,400693
2015-07-24,415105
2015-07-25,415105
2015-07-26,430068
2015-07-27,442073
2015-07-28,444294
2015-07-29,438921
2015-07-30,438921
2015-07-31,446737
2015-08-01,450979
2015-08-02,449343
2015-08-03,446525
2015-08-04,446525
2015-08-05,435085
2015-08-06,422402
2015-08-07,422402
2015-08-08,412124
2015-08-09,400293
2015-08-10,390955
2015-08-11,379611
2015-08-12,379611
2015-08-13,372881
2015-08-14,373694
2015-08-15,373694
2015-08-16,378585
2015-08-17,381979
2015-08-18,384754
2015-08-19,384678
2015-08-20,384678
2015-08-21,391886
2015-08-22,391045
2015-08-23,393405
2015-08-24,401594
2015-08-25,401594
2015-08-26,411169
2015-08-27,409463
2015-08-28,409463
2015-08-29,399887
2015-08-30,386357
2015-08-31,378825
2015-09-01,367929
2015-09-02,367929
2015-09-03,362986
2015-09-04,358020
2015-09-05,358020
2015-09-06,354958
2015-09-07,357891
2015-09-08,359767
2015-09-09,360111
2015-09-10,358855
2015-09-11,352276
2015-09-12,344723
2015-09-13,346259
2015-09-14,344244
2015-09-15,341966
2015-09-16,341966
2015-09-17,339882
2015-09-18,339882
2015-09-19,334614
2015-09-20,334614
2015-09-21,330642
2015-09-22,326358
2015-09-23,330103
2015-09-24,330103
2015-09-25,325901
2015-09-27,316984
2015-09-28,318791
2015-09-29,325707
2015-09-30,320824
2015-10-05,326676
2015-10-06,327787
2015-10-07,335602
2015-10-08,346912
2015-10-09,350852
2015-10-10,350852
2015-10-11,350576
2015-10-12,350881
2015-10-13,350881
2015-10-14,353068
2015-10-15,357222
2015-10-16,362239
2015-10-17,362239
2015-10-18,366183
2015-10-19,363668
2015-10-20,365014
2015-10-22,364345
2015-10-23,371167
2015-10-24,371167
2015-10-25,374251
2015-10-26,372966
2015-10-27,372966
2015-10-29,379844
2015-10-30,379844
2015-10-31,384494
2015-11-01,384494
2015-11-02,379960
2015-11-03,371755
2015-11-04,376027
2015-11-05,380917
2015-11-06,380917
2015-11-07,376325
2015-11-08,376325
2015-11-09,373302
2015-11-10,377276
2015-11-11,378494
2015-11-12,378494
2015-11-13,374442
2015-11-14,374442
2015-11-15,371265
2015-11-16,375387
2015-11-17,381676
2015-11-18,386377
2015-11-19,388786
2015-11-20,388889
2015-11-21,388889
2015-11-22,384943
2015-11-23,384943
2015-11-24,385306
2015-11-25,383911
2015-11-26,383911
2015-11-27,381816
2015-11-28,383777
2015-11-29,377030
2015-11-30,373896
2015-12-01,373896
2015-12-02,366537
2015-12-03,365499
2015-12-04,365499
2015-12-05,361710
2015-12-06,359984
2015-12-07,360775
2015-12-08,360775
2015-12-09,366015
2015-12-10,373557
2015-12-11,372990
2015-12-12,372990
2015-12-13,371598
2015-12-14,371598
2015-12-15,382208
2015-12-16,387128
2015-12-17,387128
2015-12-18,383197
2015-12-19,383830
2015-12-20,389279
2015-12-21,385572
2015-12-22,382736
2015-12-23,387951
2015-12-24,391666
2015-12-25,397472
2015-12-26,403548
2015-12-27,396092
2015-12-28,388952
2015-12-29,384848
2015-12-30,379428
2015-12-31,378207
2016-01-01,378207
2016-01-02,376315
2016-01-03,371970
2016-01-04,375154
2016-01-05,375144
2016-01-06,367352
2016-01-07,357942
2016-01-08,344829
2016-01-09,344829
2016-01-10,335176
2016-01-11,325529
2016-01-12,316024
2016-01-13,301953
2016-01-14,288491
2016-01-15,275873
2016-01-16,270769
2016-01-17,270315
2016-01-18,270249
2016-01-19,269281
2016-01-20,269473
2016-01-21,269029
2016-01-22,267866
2016-01-23,266472
2016-01-24,269595
2016-01-25,266324
2016-01-26,272038
2016-01-27,276878
2016-01-28,276878
2016-01-29,282682
2016-01-30,282682
2016-01-31,286373
2016-02-01,288354
2016-02-02,283849
2016-02-03,280947
2016-02-04,283670
2016-02-05,282640
2016-02-06,287556
2016-02-07,292331
2016-02-08,300049
2016-02-09,307601
2016-02-10,315968
2016-02-11,315968
2016-02-12,321031
2016-02-13,317337
2016-02-14,317337
2016-02-15,309582
2016-02-16,312412
2016-02-17,311226
2016-02-18,311226
2016-02-19,305681
2016-02-20,309449
2016-02-21,306034
2016-02-22,306034
2016-02-23,312064
2016-02-24,313838
2016-02-25,311830
2016-02-26,311830
2016-02-27,310628
2016-02-28,310628
2016-02-29,309592
2016-03-01,302895
2016-03-02,294030
2016-03-03,293347
2016-03-04,293733
2016-03-05,293858
2016-03-06,293325
2016-03-07,294105
2016-03-08,299363
2016-03-09,293114
2016-03-10,297025
2016-03-11,299863
2016-03-12,296022
2016-03-13,301918
2016-03-14,298696
2016-03-15,297235
2016-03-16,301879
2016-03-17,307336
2016-03-18,307013
2016-03-19,310424
2016-03-20,312089
2016-03-21,312089
2016-03-22,313029
2016-03-23,317456
2016-03-24,317843
2016-03-25,317828
2016-03-26,318066
2016-03-27,310586
2016-03-28,312221
2016-03-29,308551
2016-03-30,308551
2016-03-31,302728
2016-04-01,299645
2016-04-02,297267
2016-04-03,294250
2016-04-04,286953
2016-04-05,283639
2016-04-06,284038
2016-04-07,285054
2016-04-08,289234
2016-04-09,291867
2016-04-10,294311
2016-04-11,294311
2016-04-12,297016
2016-04-13,300715
2016-04-14,304632
2016-04-15,299361
2016-04-16,293412
2016-04-17,289186
2016-04-18,285090
2016-04-19,281577
2016-04-20,277024
2016-04-21,274036
2016-04-22,274036
2016-04-23,269526
2016-04-24,273903
2016-04-25,287599
2016-04-26,290674
2016-04-27,286421
2016-04-28,283649
2016-04-29,283649
2016-04-30,287198
2016-05-01,287198
2016-05-02,282446
2016-05-03,279546
2016-05-04,275906
2016-05-05,275406
2016-05-06,275406
2016-05-07,273701
2016-05-08,265672
2016-05-09,260675
2016-05-10,258852
2016-05-11,259654
2016-05-12,258357
2016-05-13,257998
2016-05-14,258862
2016-05-15,256448
2016-05-16,258307
2016-05-17,262453
2016-05-18,265269
2016-05-19,266628
2016-05-22,264758
2016-05-23,268281
2016-05-24,274029
2016-05-25,284937
2016-05-26,285817
2016-05-27,287690
2016-05-28,287690
2016-05-29,293569
2016-05-30,293569
2016-05-31,302195
2016-06-01,306373
2016-06-02,308377
2016-06-03,309137
2016-06-04,310546
2016-06-05,312134
2016-06-06,309763
2016-06-07,309763
2016-06-08,309581
2016-06-09,302400
2016-06-10,300186
2016-06-11,301477
2016-06-12,301901
2016-06-13,299399
2016-06-14,306178
2016-06-15,309984
2016-06-16,311542
2016-06-17,315791
2016-06-18,315791
2016-06-19,316689
2016-06-20,319086
2016-06-21,318777
2016-06-22,311524
2016-06-23,307775
2016-06-24,308111
2016-06-25,306360
2016-06-26,306360
2016-06-27,308015
2016-06-28,311152
2016-06-29,311004
2016-06-30,307945
2016-07-01,304689
2016-07-02,304689
2016-07-03,300167
2016-07-04,298602
2016-07-05,298602
2016-07-06,290981
2016-07-07,279767
2016-07-08,269905
2016-07-09,258935
2016-07-10,246520
2016-07-11,234454
2016-07-12,224715
2016-07-13,213479
2016-07-14,202805
2016-07-15,193063
2016-07-16,184997
2016-07-17,175747
2016-07-18,167333
2016-07-23,133723
2016-07-24,127722
2016-07-25,122699
2016-07-26,123069
2016-07-27,123208
2016-07-28,124201
2016-07-29,125724
2016-07-30,127060
2016-07-31,130149
2016-08-01,131851
2016-08-02,131263
2016-08-03,127923
2016-08-04,123398
2016-08-05,120758
2016-08-06,117144
2016-08-07,116897
2016-08-08,116753
2016-08-09,118105
2016-08-10,119788
2016-08-11,122341
2016-08-12,127664
2016-08-13,131627
2016-08-14,134002
2016-08-15,139904
2016-08-16,145963
2016-08-17,149259
2016-08-18,150847
2016-08-19,151315
2016-08-20,150061
2016-08-21,149746
2016-08-22,152274
2016-08-23,152289
2016-08-24,153636
2016-08-25,155692
2016-08-26,155692
2016-08-28,156540
2016-08-31,164988
2016-09-01,166290
2016-09-02,166290
2016-09-03,168428
2016-09-04,167810
2016-09-05,167086
2016-09-06,166240
2016-09-07,169910
2016-09-08,169910
2016-09-09,171177
2016-09-10,173190
2016-09-11,173190
2016-09-12,178590
2016-09-13,181909
2016-09-14,186564
2016-09-15,190319
2016-09-16,190319
2016-09-17,190697
2016-09-18,195045
2016-09-19,198429
2016-09-20,198429
2016-09-21,203210
2016-09-22,210285
2016-09-23,211949
2016-09-24,211949
2016-09-25,210622
2016-09-26,210622
2016-09-27,207259
2016-09-28,210181
2016-09-29,210181
2016-09-30,208377
2016-10-01,208014
2016-10-02,208014
2016-10-03,201730
2016-10-04,197517
2016-10-05,199866
2016-10-06,199632
2016-10-07,199632
2016-10-08,201511
2016-10-09,201511
2016-10-10,201035
2016-10-11,201516
2016-10-12,202890
2016-10-13,201307
2016-10-14,200697
2016-10-15,200179
2016-10-16,207106
2016-10-17,215141
2016-10-18,215141
2016-10-19,221466
2016-10-20,221466
2016-10-21,228026
2016-10-22,228026
2016-10-23,230181
2016-10-24,234700
2016-10-25,234700
2016-10-26,237693
2016-10-27,237693
2016-10-28,243997
2016-10-29,246711
2016-10-30,249662
2016-10-31,254801
2016-11-01,254801
2016-11-02,257552
2016-11-03,257552
2016-11-04,260729
2016-11-05,260729
2016-11-06,259211
2016-11-07,258968
2016-11-08,260350
2016-11-09,257110
2016-11-10,255679
2016-11-11,255679
2016-11-12,251568
2016-11-13,244373
2016-11-14,234457
2016-12-07,230631
2016-12-08,230797
2016-12-09,232587
2016-12-10,232587
2016-12-11,233014
2016-12-12,232666
2016-12-13,230262
2016-12-14,234283
2016-12-15,234283
2016-12-16,229326
2016-12-17,223628
2016-12-18,223628
2016-12-19,225110
2016-12-20,221824
2016-12-21,219845
2016-12-22,219845
2016-12-23,219368
2016-12-24,219368
2016-12-25,214833
2016-12-26,212834
2016-12-27,210486
2016-12-28,209080
2016-12-29,204840
2016-12-30,204840
2016-12-31,203076
2017-01-01,202895
2017-01-02,202279
2017-01-03,203122
2017-01-04,205357
2017-01-05,205357
2017-01-06,203769
2017-01-07,199342
2017-01-08,202883
2017-01-09,201024
2017-01-10,196445
2017-01-11,192132
2017-01-12,196153
2017-01-13,196153
2017-01-14,197011
2017-01-15,195935
2017-01-16,194335
2017-01-17,192686
2017-01-18,191172
2017-01-19,182047
2017-01-20,174456
2017-01-21,171145
2017-01-22,172272
2017-01-27,185473
2017-01-28,183944
2017-01-29,185618
2017-01-30,186862
2017-01-31,187203
2017-02-01,186353
2017-02-02,186509
2017-02-03,183771
2017-02-04,184824
2017-02-05,185427
2017-02-06,191615
2017-02-07,191864
2017-02-08,195586
2017-02-09,195586
2017-02-10,200057
2017-02-11,204148
2017-02-12,203668
2017-02-13,207151
2017-02-14,209254
2017-02-15,209254
2017-02-16,209030
2017-02-18,207728
2017-02-19,215003
2017-02-20,222718
2017-02-21,225588
2017-02-22,225588
2017-02-23,222932
2017-02-24,220863
2017-02-25,217603
2017-02-26,215711
2017-02-27,210308
2017-02-28,208365
2017-03-01,209130
2017-03-02,207904
2017-03-03,209269
2017-03-04,210754
2017-03-05,206349
2017-03-06,200876
2017-03-07,197788
2017-03-08,194754
2017-03-09,194754
2017-03-10,194879
2017-03-11,194466
2017-03-12,195755
2017-03-13,193688
2017-03-14,189921
2017-03-15,190281
2017-03-16,191513
2017-03-17,192290
2017-03-18,195063
2017-03-19,193782
2017-03-20,194289
2017-03-21,198433
2017-03-22,200463
2017-03-23,202063
2017-03-24,201664
2017-03-25,201664
2017-03-26,199354
2017-03-27,198268
2017-03-28,198722
2017-03-29,193569
2017-03-30,190660
2017-03-31,189774
2017-04-01,189097
2017-04-02,189552
2017-04-03,190528
2017-04-04,190918
2017-04-12,185123
2017-04-13,188570
2017-04-14,190450
2017-04-15,192638
2017-04-16,192770
2017-04-17,191000
2017-04-18,190881
2017-04-19,192681
2017-04-20,194899
2017-04-21,191865
2017-04-22,191865
2017-04-23,187231
2017-04-24,185663
2017-04-25,184386
2017-04-26,184386
2017-04-27,183270
2017-04-28,182789
2017-04-29,181446
2017-04-30,179873
2017-05-01,177416
2017-05-02,177987
2017-05-03,175447
2017-05-04,176696
2017-05-05,179814
2017-05-06,179966
2017-05-07,179605
2017-05-08,181689
2017-05-09,186056
2017-05-10,189761
2017-05-11,189608
2017-05-12,188474
2017-05-13,182515
2017-05-14,182515
2017-05-15,179673
2017-05-16,178488
2017-05-17,174339
2017-05-18,169206
2017-05-19,169206
2017-05-20,168641
2017-05-21,168641
2017-05-22,164966
2017-05-23,161528
2017-05-24,161329
2017-05-25,163003
2017-05-26,164010
2017-05-27,166907
2017-05-28,167583
2017-05-29,169859
2017-05-30,167090
2017-05-31,166370
2017-06-01,168407
2017-06-02,167141
2017-06-03,167141
2017-06-04,166606
2017-06-06,165946
2017-06-07,165890
2017-06-08,165890
2017-06-09,168434
2017-06-10,172440
2017-06-11,172926
2017-06-12,171694
2017-06-13,174914
2017-06-14,174886
2017-06-15,178709
2017-06-16,181710
2017-06-17,181710
2017-06-18,186804
2017-06-19,186804
2017-06-20,191074
2017-06-21,190438
2017-06-22,190438
2017-06-23,188220
2017-06-24,189334
2017-06-25,191568
2017-06-26,187157
2017-06-27,189421
2017-06-28,189807
2017-06-29,188509
2017-06-30,187780
2017-07-01,187780
2017-07-02,190774
2017-07-03,194544
2017-07-04,199223
2017-07-05,199223
2017-07-06,200083
2017-07-07,200083
2017-07-08,203312
2017-07-13,195629
2017-07-14,190365
2017-07-15,190365
2017-07-16,182945
2017-07-17,179183
2017-07-18,177110
2017-07-19,174230
2017-07-20,172543
2017-07-21,170898
2017-07-22,172699
2017-07-23,174231
2017-07-24,171860
2017-07-25,174440
2017-07-26,177124
2017-07-27,181069
2017-07-28,187150
2017-07-29,190640
2017-07-30,195237
2017-07-31,195237
2017-08-01,198486
2017-08-02,202516
2017-08-03,206258
2017-08-04,206258
2017-08-05,207799
2017-08-06,214093
2017-08-09,209253
2017-08-10,211334
2017-08-11,214890
2017-08-12,214454
2017-08-13,210224
2017-08-14,211490
2017-08-15,211813
2017-08-16,214049
2017-08-17,216750
2017-08-18,216750
2017-08-19,217829
2017-08-20,220885
2017-08-21,218829
2017-08-22,218840
2017-08-23,218676
2017-08-24,218676
2017-08-25,219361
2017-08-26,220817
2017-08-27,217632
2017-08-28,215883
2017-08-29,215883
2017-08-30,215269
2017-08-31,215269
2017-09-01,214868
2017-09-02,216015
2017-09-03,216015
2017-09-04,215774
2017-09-05,209938
2017-09-06,202558
2017-09-07,201495
2017-09-08,203755
2017-09-09,206670
2017-09-10,208124
2017-09-11,212397
2017-09-12,212397
2017-09-13,218296
2017-09-14,223293
2017-09-15,223293
2017-09-16,228344
2017-09-17,232484
2017-09-19,238795
2017-09-20,242357
2017-09-21,242357
2017-09-22,251325
2017-09-23,251325
2017-09-24,255017
2017-09-25,256224
2017-09-26,260280
2017-09-27,260280
2017-09-28,261767
2017-09-29,264250
2017-09-30,264250
2017-10-01,263989
2017-10-02,254579
2017-10-03,254579
2017-10-04,250661
2017-10-05,250059
2017-10-06,245332
2017-10-07,240708
2017-10-08,236577
2017-10-09,230917
2017-10-10,221910
2017-10-11,221910
2017-10-12,212072
2017-10-13,204549
2017-10-14,196851
2017-10-15,196851
2017-10-16,202113
2017-10-17,202113
2017-10-18,209538
2017-10-19,208017
2017-10-20,204746
2017-10-21,204746
2017-10-22,208010
2017-10-23,208804
2017-10-24,208804
2017-10-25,207695
2017-10-26,199990
2017-10-27,197517
2017-10-28,197517
2017-10-29,195455
2017-10-30,193003
2017-10-31,188879
2017-11-01,188879
2017-11-02,187134
2017-11-03,186829
2017-11-04,187773
2017-11-05,187520
2017-11-06,186685
2017-11-07,186685
2017-11-08,190775
2017-11-09,191030
2017-11-10,187202
2017-11-11,178772
2017-11-12,177427
2017-11-13,175232
2017-11-14,175232
2017-11-15,179076
2017-11-16,184531
2017-11-17,186992
2017-11-18,186992
2017-11-19,189363
2017-11-20,196510
2017-11-21,195366
2017-11-22,195366
2017-11-23,195190
2017-11-24,195190
2017-11-25,189673
2017-11-26,180735
2017-11-27,180735
2017-11-28,175172
2017-11-29,177694
2017-11-30,177694
2017-12-01,181093
2017-12-02,181093
2017-12-03,178577
2017-12-04,178577
2017-12-05,175276
2017-12-06,181530
2017-12-07,183622
2017-12-08,183622
2017-12-09,185466
2017-12-10,183152
2017-12-11,185657
2017-12-12,186910
2017-12-13,186910
2017-12-14,184514
2017-12-15,181004
2017-12-16,181004
2017-12-17,177185
2017-12-18,170586
2017-12-19,163542
2017-12-20,163795
2017-12-21,167422
2017-12-22,170180
2017-12-23,170792
2017-12-24,174098
2017-12-25,172776
2017-12-26,169697
2017-12-27,166045
2017-12-28,164437
2017-12-29,166372
2017-12-30,173144
2017-12-31,179634
2018-01-01,178018
2018-01-02,173861
2018-01-03,171039
2018-01-04,167213
2018-01-05,170653
2018-01-06,169033
2018-01-07,169070
2018-01-08,172141
2018-01-09,172677
2018-01-10,172677
2018-01-11,171230
2018-01-12,166896
2018-01-13,163825
2018-01-14,164015
2018-01-15,161409
2018-01-16,161211
2018-01-17,164853
2018-01-18,167054
2018-01-19,167054
2018-01-20,170273
2018-01-21,174708
2018-01-22,175013
2018-01-23,176891
2018-01-25,169089
2018-01-26,164770
2018-01-27,158841
2018-01-28,154387
2018-01-29,149849
2018-01-30,149186
2018-01-31,146370
2018-02-01,147670
2018-02-02,153865
2018-02-03,156573
2018-02-04,155957
2018-02-05,155957
2018-02-06,156033
2018-02-07,152475
2018-02-08,152475
2018-02-09,149458
2018-02-10,149458
2018-02-11,146506
2018-02-12,146817
2018-02-13,146817
2018-02-14,145036
2018-02-15,142849
2018-02-16,142849
2018-02-17,145652
2018-02-18,148344
2018-02-19,149650
2018-02-20,149650
2018-02-21,151094
2018-02-22,154803
2018-02-23,158612
2018-02-24,158612
2018-02-25,163060
2018-02-26,168712
2018-02-27,172972
2018-02-28,172972
2018-03-01,170182
2018-03-02,165842
2018-03-03,163748
2018-03-04,163748
2018-03-05,159872
2018-03-06,161836
2018-03-07,163144
2018-03-08,163144
2018-03-09,162803
2018-03-10,162803
2018-03-11,159975
2018-03-12,158133
2018-03-13,158254
2018-03-14,157518
2018-03-15,155041
2018-03-16,152196
2018-03-17,152328
2018-03-18,154334
2018-03-19,154334
2018-03-20,158025
2018-03-21,161341
2018-03-23,166957
2018-03-24,172393
2018-03-25,175303
2018-03-26,175303
2018-03-27,177186
2018-03-28,177186
2018-03-29,176789
2018-03-30,176789
2018-03-31,175509
2018-04-01,175509
2018-04-02,173016
2018-04-03,174755
2018-04-04,175500
2018-04-05,175500
2018-04-06,176880
2018-04-07,176880
2018-04-08,174920
2018-04-09,174920
2018-04-10,176156
2018-04-11,174425
2018-04-12,173785
2018-04-13,173785
2018-04-14,171686
2018-04-15,167018
2018-04-16,167018
2018-04-17,164711
2018-04-18,164711
2018-04-19,163331
2018-04-20,169009
2018-04-21,173726
2018-04-22,173726
2018-04-23,175751
2018-04-24,175751
2018-04-25,175958
2018-04-26,175958
2018-04-27,179291
2018-04-28,177560
2018-04-29,174620
2018-04-30,173166
2018-05-01,172392
2018-05-04,176543
2018-05-05,178440
2018-05-06,178440
2018-05-07,182098
2018-05-08,185048
2018-05-09,191539
2018-05-10,195625
2018-05-11,195625
2018-05-12,204028
2018-05-13,204028
2018-05-14,206771
2018-05-15,206771
2018-05-16,206705
2018-05-17,206705
2018-05-18,205572
2018-05-19,212153
2018-05-20,219623
2018-05-21,223879
2018-05-22,223879
2018-05-23,218387
2018-05-24,223326
2018-05-25,223326
2018-05-26,230082
2018-05-27,230082
2018-05-28,240050
2018-05-29,246530
2018-05-30,246530
2018-05-31,254409
2018-06-01,249589
2018-06-02,242958
2018-06-03,242958
2018-06-04,240594
2018-06-05,232508
2018-06-06,225448
2018-06-07,225448
2018-06-08,217088
2018-06-09,217088
2018-06-10,207430
2018-06-11,207430
2018-06-12,205487
2018-06-13,207683
2018-06-14,209297
2018-06-15,209297
2018-06-16,212467
2018-06-17,211707
2018-06-18,211707
2018-06-19,205977
2018-06-20,205977
2018-06-21,206080
2018-06-22,198957
2018-06-23,198957
2018-06-24,192792
2018-06-25,195764
2018-06-26,195764
2018-06-27,195210
2018-06-28,195819
2018-06-29,190213
2018-06-30,190213
2018-07-01,184583
2018-07-02,184583
2018-07-03,180206
2018-07-04,180206
2018-07-05,183024
2018-07-06,185540
2018-07-07,185540
2018-07-08,180434
2018-07-09,174433
2018-07-10,174433
2018-07-11,175368
2018-07-12,175368
2018-07-13,176729
2018-07-14,176872
2018-07-15,176872
2018-07-16,175616
2018-07-17,178189
2018-07-18,178189
2018-07-19,178302
2018-07-20,178494
2018-07-21,176005
2018-07-22,176454
2018-07-23,179301
2018-07-24,179301
2018-07-25,180166
2018-07-26,178654
2018-07-27,176710
2018-07-28,176710
2018-07-29,173595
2018-07-30,173595
2018-07-31,167804
2018-08-01,167804
2018-08-02,162626
2018-08-03,162626
2018-08-04,159645
2018-08-05,155322
2018-08-06,158159
2018-08-07,155372
2018-08-08,155986
2018-08-09,155986
2018-08-10,151858
2018-08-11,151536
2018-08-12,150930
2018-08-14,143648
2018-08-16,138376
2018-08-17,138470
2018-08-18,138470
2018-08-19,138789
2018-08-20,140298
2018-08-21,140298
2018-08-22,139213
2018-08-23,139832
2018-08-24,140772
2018-08-25,144261
2018-08-26,148346
2018-08-27,152950
2018-08-28,155903
2018-08-29,159264
2018-08-30,161278
2018-08-31,166323
2018-09-01,168837
2018-09-02,167335
2018-09-03,167618
2018-09-04,169503
2018-09-05,166605
2018-09-06,166605
2018-09-07,165599
2018-09-08,166013
2018-09-09,166013
2018-09-10,165537
2018-09-11,165537
2018-09-12,167074
2018-09-13,163322
2018-09-14,164334
2018-09-15,163715
2018-09-16,163715
2018-09-17,160467
2018-09-18,157532
2018-09-19,158076
2018-09-20,157386
2018-09-21,157386
2018-09-22,158437
2018-09-23,161586
2018-09-24,164682
2018-09-25,164682
2018-09-26,163324
2018-09-27,163324
2018-09-28,164844
2018-09-29,163693
2018-09-30,163906
2018-10-02,162062
2018-10-03,162988
2018-10-04,162988
2018-10-05,162396
2018-10-06,159585
2018-10-07,159585
2018-10-08,158147
2018-10-09,160002
2018-10-10,161786
2018-10-11,163535
2018-10-12,163535
2018-10-13,163940
2018-10-14,167781
2018-10-15,171967
2018-10-16,171967
2018-10-17,173594
2018-10-18,178028
2018-10-19,178835
2018-10-20,178835
2018-10-21,184184
2018-10-22,191059
2018-10-23,191059
2018-10-24,197390
2018-10-25,203118
2018-10-26,209967
2018-10-27,219919
2018-10-28,225332
2018-10-29,225332
2018-10-30,228909
2018-10-31,229115
2018-11-01,232154
2018-11-03,252600
2018-11-04,261961
2018-11-05,272379
2018-11-06,280134
2018-11-07,281953
2018-11-08,288130
2018-11-09,297962
2018-11-10,304761
2018-11-11,310576
2018-11-12,317129
2018-11-13,316548
2018-11-14,317238
2018-11-15,313607
2018-11-16,313851
2018-11-17,317157
2018-11-18,311878
2018-11-19,317093
2018-11-20,312008
2018-11-21,309943
2018-11-22,311419
2018-11-23,305414
2018-11-24,305301
2018-11-25,303717
2018-11-26,304020
2018-11-27,305060
2018-11-28,297701
2018-11-29,291610
2018-12-01,279371
2018-12-02,276917
2018-12-03,276917
2018-12-04,269131
2018-12-05,261125
2018-12-07,255643
2018-12-09,254361
2018-12-10,246852
2018-12-11,244462
2018-12-12,243445
2018-12-13,240158
2018-12-14,237610
2018-12-15,230349
2018-12-16,223926
2018-12-17,217196
2018-12-18,215051
2018-12-19,215156
2018-12-20,212154
2018-12-21,209364
2018-12-22,208705
2018-12-23,208370
2018-12-24,208821
2018-12-25,206785
2018-12-26,203698
2018-12-27,204763
2018-12-28,203864
2018-12-29,201943
2018-12-30,197558
2018-12-31,199920
2019-01-01,198663
2019-01-02,197084
2019-01-03,195752
2019-01-04,191571
2019-01-05,191567
2019-01-06,191527
2019-01-08,197190
2019-01-10,190410
2019-01-11,187315
2019-01-12,186699
2019-01-13,189773
2019-01-14,190608
2019-01-15,190514
2019-01-16,193075
2019-01-17,192361
2019-01-18,190300
2019-01-19,187865
2019-01-20,182857
2019-01-21,176662
2019-01-22,170675
2019-01-23,164926
2019-01-24,159604
2019-01-25,156005
2019-01-26,153865
2019-01-27,152926
2019-01-28,151111
2019-01-29,153082
2019-01-30,151734
2019-01-31,151633
2019-02-01,149365
2019-02-02,146989
2019-02-03,145850
2019-02-04,145971
2019-02-05,144270
2019-02-06,142905
2019-02-07,142539
2019-02-08,142499
2019-02-09,144848
2019-02-10,144356
2019-02-11,141676
2019-02-12,138771
2019-02-13,134608
2019-02-14,134608
2019-02-15,132911
2019-02-16,130116
2019-02-17,128817
2019-02-18,128048
2019-02-19,128712
2019-02-20,128068
2019-02-21,127590
2019-02-22,127502
2019-02-23,126343
2019-02-24,127998
2019-02-25,130620
2019-02-26,131496
2019-02-27,132727
2019-02-28,132329
2019-03-01,132686
2019-03-02,132624
2019-03-03,133459
2019-03-04,133797
2019-03-05,136322
2019-03-06,139061
2019-03-07,140079
2019-03-08,140079
2019-03-09,142677
2019-03-10,144518
2019-03-11,146098
2019-03-12,145362
2019-03-13,145362
2019-03-14,140961
2019-03-15,140961
2019-03-16,137031
2019-03-17,137703
2019-03-18,137703
2019-03-19,140151
2019-03-20,141977
2019-03-21,141096
2019-03-22,143336
2019-03-23,141185
2019-03-24,141583
2019-03-25,143428
2019-03-26,145156
2019-03-27,145156
2019-03-28,146678
2019-03-29,143845
2019-03-30,143845
2019-03-31,140019
2019-04-01,138981
2019-04-02,138507
2019-04-03,137249
2019-04-04,136430
2019-04-05,137969
2019-04-06,136427
2019-04-07,136056
2019-04-08,138148
2019-04-09,137327
2019-04-10,140658
2019-04-11,137577
2019-04-12,137290
2019-04-13,134819
2019-04-14,134395
2019-04-15,132887
2019-04-16,131355
2019-04-17,129438
2019-04-18,127605
2019-04-19,125746
2019-04-20,120937
2019-04-21,121187
2019-04-22,120001
2019-04-23,121965
2019-04-24,121681
2019-04-25,122315
2019-04-26,121839
2019-04-27,120735
2019-04-28,118300
2019-04-29,119281
2019-04-30,117957
2019-05-01,115510
2019-05-02,110997
2019-05-03,109256
2019-05-04,107537
2019-05-05,103845
2019-05-06,102154
2019-05-07,102093
2019-05-08,102744
2019-05-09,103028
2019-05-10,103274
2019-05-11,104548
2019-05-12,102992
2019-05-13,99982
2019-05-14,97992
2019-05-15,97851
2019-05-16,98990
2019-05-17,98990
2019-05-18,101546
2019-05-19,103797
2019-05-20,105540
2019-05-21,106129
2019-05-22,109047
2019-05-23,111592
2019-05-24,112575
2019-05-25,115246
2019-05-26,116414
2019-05-27,118950
2019-05-28,119148
2019-05-29,119444
2019-05-30,119653
2019-05-31,119653
2019-06-01,121194
2019-06-02,122853
2019-06-03,127031
2019-06-04,132830
2019-06-05,135082
2019-06-06,139217
2019-06-07,138548
2019-06-08,136516
2019-06-09,136576
2019-06-10,136576
2019-06-11,136038
2019-06-12,135823
2019-06-13,135071
2019-06-14,132420
2019-06-15,132420
2019-06-16,129158
2019-06-17,125165
2019-06-18,125165
2019-06-19,124833
2019-06-20,123007
2019-06-21,121143
2019-06-22,121143
2019-06-23,120961
2019-06-24,122093
2019-06-25,122922
2019-06-26,121194
2019-06-27,119341
2019-06-28,119341
2019-06-29,117689
2019-06-30,118541
2019-07-01,118541
2019-07-02,122956
2019-07-03,124068
2019-07-04,124068
2019-07-05,123574
2019-07-06,124917
2019-07-07,126228
2019-07-08,126213
2019-07-09,128677
2019-07-10,130011
2019-07-11,130011
2019-07-12,131870
2019-07-13,131870
2019-07-14,132095
2019-07-15,132095
2019-07-16,130094
2019-07-17,133488
2019-07-18,133488
2019-07-19,134917
2019-07-20,134917
2019-07-21,135620
2019-07-22,137976
2019-07-23,139188
2019-07-24,139188
2019-07-25,140581
2019-07-26,140581
2019-07-27,141027
2019-07-28,135338
2019-07-29,130026
2019-07-30,124966
2019-07-31,123185
2019-08-01,119842
2019-08-02,119842
2019-08-03,118191
2019-08-04,118191
2019-08-05,117169
2019-08-06,117169
2019-08-07,114811
2019-08-08,114811
2019-08-09,113967
2019-08-10,110367
2019-08-11,110367
2019-08-12,112594
2019-08-13,113102
2019-08-14,112304
2019-08-15,107014
2019-08-16,105558
2019-08-17,105558
2019-08-18,102623
2019-08-19,102038
2019-08-20,100907
2019-08-21,100907
2019-08-22,103866
2019-08-23,103866
2019-08-24,104643
2019-08-24,104643
2019-08-25,104643
2019-08-25,104643
2019-08-26,103516
2019-08-26,103516
2019-08-27,104150
2019-08-27,104150
2019-08-28,107420
2019-08-29,107420
2019-08-30,110387
2019-08-31,110387
2019-09-01,108441
2019-09-02,108441
2019-09-03,106461
2019-09-04,107819
2019-09-05,108437
2019-09-06,108437
2019-09-07,109300
2019-09-08,109720
2019-09-09,109720
2019-09-10,108505
2019-09-11,108856
2019-09-12,107121
2019-09-13,106869
2019-09-14,107141
2019-09-15,107073
2019-09-16,107800
2019-09-17,108721
2019-09-18,111017
2019-09-19,113002
2019-09-20,113002
2019-09-21,113986
2019-09-22,115030
2019-09-23,116598
2019-09-24,116598
2019-09-25,115440
2019-09-26,119380
2019-09-27,119380
2019-09-28,120198
2019-09-29,120198
2019-09-30,123729
2019-10-01,125457
2019-10-02,125457
2019-10-03,129143
2019-10-04,129143
2019-10-05,134748
2019-10-06,138270
2019-10-07,138270
2019-10-08,139534
2019-10-09,139534
2019-10-10,143246
2019-10-11,143246
2019-10-12,141184
2019-10-13,138773
2019-10-14,139991
2019-10-15,139991
2019-10-16,138882
2019-10-17,138882
2019-10-18,136921
2019-10-19,139967
2019-10-20,138892
2019-10-21,138892
2019-10-22,137558
2019-10-23,136125
2019-10-24,136125
2019-10-25,134601
2019-10-26,132545
2019-10-27,132545
2019-10-28,133658
2019-10-29,133658
2019-10-30,132658
2019-10-31,131430
2019-11-01,131430
2019-11-02,129918
2019-11-03,130597
2019-11-04,130342
2019-11-05,130342
2019-11-06,127895
2019-11-07,126569
2019-11-08,126116
2019-11-09,125186
2019-11-10,124857
2019-11-11,126223
2019-11-12,126223
2019-11-13,125631
2019-11-14,121747
2019-11-15,116925
2019-11-16,112964
2019-11-17,112964
2019-11-18,109138
2019-11-19,109138
2019-11-20,108386
2019-11-21,108386
2019-11-22,104075
2019-11-23,99393
2019-11-24,96536
2019-11-25,95139
2019-11-26,92728
2019-11-27,92728
2019-11-28,88432
2019-11-29,88432
2019-11-30,85426
2019-12-01,83737
2019-12-02,84251
2019-12-03,83625
2019-12-04,83686
2019-12-05,83686
2019-12-06,83334
2019-12-07,82923
2019-12-08,83198
2019-12-09,82819
2019-12-10,84124
2019-12-11,84124
2019-12-12,83393
2019-12-13,81582
2019-12-14,79881
2019-12-15,79766
2019-12-16,82182
2019-12-17,82737
2019-12-18,82737
2019-12-19,82809
2019-12-20,82547
2019-12-21,81332
2019-12-22,80250
2019-12-23,80250
2019-12-24,82198
2019-12-25,84838
2019-12-26,84838
2019-12-27,85767
2019-12-28,85878
2019-12-29,85878
2019-12-30,86949
2019-12-31,88582
2020-01-01,89249
2020-01-02,90352
2020-01-03,90352
2020-01-04,91831
2020-01-05,92863
2020-01-06,91912
2020-01-07,91776
2020-01-08,91776
2020-01-09,91160
2020-01-10,90868
2020-01-11,92019
2020-01-12,92793
2020-01-13,92793
2020-01-14,93383
2020-01-15,94409
2020-01-16,93881
2020-01-17,93163
2020-01-18,93163
2020-01-19,94089
2020-01-20,94089
2020-01-21,95450
2020-01-22,95806
2020-01-23,95954
2020-01-24,96246
2020-01-25,98221
2020-01-26,98981
2020-01-27,99783
2020-01-28,99783
2020-01-29,100776
2020-01-30,100776
2020-01-31,101422
2020-02-01,102815
2020-02-02,101875
2020-02-03,101875
2020-02-04,105192
2020-02-05,107794
2020-02-06,108367
2020-02-07,108367
2020-02-08,110240
2020-02-09,112271
2020-02-10,115809
2020-02-11,115809
2020-02-12,118070
2020-02-13,118070
2020-02-14,120668
2020-02-15,120668
2020-02-16,117716
2020-02-17,115892
2020-02-18,113822
2020-02-19,113822
2020-02-20,114449
2020-02-21,114449
2020-02-22,112464
2020-02-23,111043
2020-02-24,110488
2020-02-25,110986
2020-02-26,113236
2020-02-27,114338
2020-02-28,113950
2020-02-29,113950
2020-03-01,113888
2020-03-02,113766
2020-03-03,112735
2020-03-04,112735
2020-03-05,111573
2020-03-06,113796
2020-03-07,113617
2020-03-08,112532
2020-03-09,112711
2020-03-10,112117
2020-03-11,112117
2020-03-12,112364
2020-03-13,112833
2020-03-14,113409
2020-03-15,113409
2020-03-16,114629
2020-03-17,116185
2020-03-18,116880
2020-03-19,118630
2020-03-20,120382
2020-03-21,121509
2020-03-22,124159
2020-03-23,123956
2020-03-24,124396
2020-03-25,124020
2020-03-26,125292
2020-03-27,125675
2020-03-28,126477
2020-03-29,126929
2020-03-30,128358
2020-03-31,128961
2020-04-01,129332
2020-04-02,131499
2020-04-03,131499
2020-04-04,131174
2020-04-05,132250
2020-04-06,133027
2020-04-07,133053
2020-04-08,130475
2020-04-09,129449
2020-04-10,129449
2020-04-11,128099
2020-04-12,126780
2020-04-13,126456
2020-04-14,129101
2020-04-15,130384
2020-04-16,130455
2020-04-17,130522
2020-04-18,131222
2020-04-19,130457
2020-04-20,130950
2020-04-21,130771
2020-04-22,130061
2020-04-23,129065
2020-04-24,129409
2020-04-25,130527
2020-04-26,130261
2020-04-27,129442
2020-04-28,127303
2020-04-29,128296
2020-04-30,127307
2020-05-01,127544
2020-05-02,129710
2020-05-03,131151
2020-05-04,132465
2020-05-05,132805
2020-05-06,133222
2020-05-07,134441
2020-05-08,134441
2020-05-09,133629
2020-05-10,134850
2020-05-11,130286
2020-05-12,127248
2020-05-13,126009
