date_obj,Zamorakian%20hasta price
2015-03-26,6942160
2015-03-27,6942160
2015-03-28,6942160
2015-03-29,6815029
2015-03-30,6815029
2015-03-31,6972989
2015-04-01,6972989
2015-04-02,7029940
2015-04-03,7029940
2015-04-04,7013549
2015-04-05,7013549
2015-04-06,7136021
2015-04-07,7136021
2015-04-08,7234776
2015-04-09,7234776
2015-04-10,7361494
2015-04-11,7361494
2015-04-12,7585020
2015-04-13,7585020
2015-04-14,7559273
2015-04-15,7559273
2015-04-16,7510027
2015-04-17,7510027
2015-04-18,7666196
2015-04-19,7666196
2015-04-20,7978343
2015-04-21,7978343
2015-04-22,7998740
2015-04-23,7998740
2015-04-24,8227360
2015-04-25,8227360
2015-04-26,8587254
2015-04-27,8587254
2015-04-28,8797871
2015-04-29,8797871
2015-04-30,8776848
2015-05-01,8776848
2015-05-02,8805329
2015-05-03,8805329
2015-05-04,8612027
2015-05-05,8612027
2015-05-06,8516407
2015-05-07,8516407
2015-05-08,8253236
2015-05-09,8253236
2015-05-10,8173412
2015-05-11,8173412
2015-05-12,8185220
2015-05-13,8185220
2015-05-14,8271496
2015-05-15,8271496
2015-05-16,8465109
2015-05-17,8594168
2015-05-18,8594168
2015-05-19,8738073
2015-05-20,8738073
2015-05-21,8738073
2015-05-22,8741710
2015-05-23,8741710
2015-05-24,8804216
2015-05-25,8805318
2015-05-26,8805318
2015-05-27,8997118
2015-05-28,9101035
2015-05-29,9231545
2015-05-30,9240901
2015-05-31,9240901
2015-06-01,9292947
2015-06-02,9292947
2015-06-03,9178906
2015-06-04,9287480
2015-06-05,9379037
2015-06-06,9498401
2015-06-07,9566137
2015-06-08,9539706
2015-06-09,9409502
2015-06-10,9241730
2015-06-11,9047597
2015-06-12,9047597
2015-06-13,8642834
2015-06-14,8552975
2015-06-15,8409303
2015-06-16,8239127
2015-06-17,8347900
2015-06-18,8338695
2015-06-19,8185640
2015-06-20,7836012
2015-06-21,7836012
2015-06-22,7483185
2015-06-23,7534081
2015-06-24,7353100
2015-06-25,7353100
2015-06-26,7122744
2015-06-27,7122744
2015-06-28,7382579
2015-06-29,7382579
2015-06-30,7531589
2015-07-01,7839648
2015-07-02,7839648
2015-07-03,7822755
2015-07-04,7787806
2015-07-05,7776931
2015-07-06,7783180
2015-07-07,7840983
2015-07-08,7959481
2015-07-09,7959481
2015-07-10,8212544
2015-07-11,8212544
2015-07-12,8300565
2015-07-13,8547567
2015-07-14,8720785
2015-07-15,9064952
2015-07-16,8890751
2015-07-17,8944620
2015-07-18,9119590
2015-07-19,9109743
2015-07-20,9059692
2015-07-21,9080479
2015-07-22,8919687
2015-07-23,8919687
2015-07-24,8760549
2015-07-25,8704821
2015-07-26,8683717
2015-07-27,8725092
2015-07-28,8729899
2015-07-29,8693727
2015-07-30,8660557
2015-07-31,8607930
2015-08-01,8580271
2015-08-02,8482090
2015-08-03,8245130
2015-08-04,8211055
2015-08-05,8142316
2015-08-06,8055616
2015-08-07,7769882
2015-08-08,7824279
2015-08-09,7997735
2015-08-10,8046349
2015-08-11,8041385
2015-08-12,8041385
2015-08-13,7937046
2015-08-14,7874548
2015-08-15,7799399
2015-08-16,7578695
2015-08-17,7557614
2015-08-18,7550254
2015-08-19,7538520
2015-08-20,7546021
2015-08-21,7644016
2015-08-22,7772570
2015-08-23,7633903
2015-08-24,7606682
2015-08-25,7606682
2015-08-26,7645271
2015-08-27,7975024
2015-08-28,8373776
2015-08-29,8791710
2015-08-30,9028418
2015-08-31,8949622
2015-09-01,8832534
2015-09-02,8753977
2015-09-03,8726157
2015-09-04,8701237
2015-09-05,8772459
2015-09-06,8748702
2015-09-07,8806215
2015-09-08,8940042
2015-09-09,8996950
2015-09-10,8940121
2015-09-11,9060107
2015-09-12,9263540
2015-09-13,9554267
2015-09-14,9468062
2015-09-15,9398493
2015-09-16,9237051
2015-09-17,9018699
2015-09-18,8932785
2015-09-19,8999590
2015-09-20,9113627
2015-09-21,9047258
2015-09-22,8969623
2015-09-23,8817275
2015-09-24,8839961
2015-09-25,8817382
2015-09-27,8947339
2015-09-28,8845243
2015-09-29,8737753
2015-09-30,8761966
2015-10-05,7879406
2015-10-06,7976137
2015-10-07,8019870
2015-10-08,8258944
2015-10-09,8241665
2015-10-10,8241665
2015-10-11,8318170
2015-10-12,8383216
2015-10-13,8386038
2015-10-14,8448541
2015-10-15,8470465
2015-10-16,8499128
2015-10-17,8623032
2015-10-18,8680864
2015-10-19,8741824
2015-10-20,8887798
2015-10-22,9044101
2015-10-23,9128577
2015-10-24,9237757
2015-10-25,9460321
2015-10-26,9568504
2015-10-27,9545588
2015-10-29,9473263
2015-10-30,9403234
2015-10-31,9299925
2015-11-01,9299925
2015-11-02,9031815
2015-11-03,8583471
2015-11-05,8048661
2015-11-06,8258911
2015-11-07,8453078
2015-11-08,8453078
2015-11-09,8328590
2015-11-10,8282976
2015-11-11,8182387
2015-11-12,7986422
2015-11-13,8026922
2015-11-14,8056803
2015-11-15,8161785
2015-11-16,8074763
2015-11-17,8065775
2015-11-18,7962805
2015-11-19,7911797
2015-11-20,8015528
2015-11-21,8015528
2015-11-22,7962411
2015-11-23,7962411
2015-11-24,7884939
2015-11-25,7975973
2015-11-26,7975973
2015-11-27,8003576
2015-11-28,7950679
2015-11-29,7825303
2015-11-30,7685614
2015-12-01,7699096
2015-12-02,7686987
2015-12-03,7663832
2015-12-04,7681714
2015-12-05,7887779
2015-12-06,7950856
2015-12-07,8067335
2015-12-08,8141723
2015-12-09,8187884
2015-12-10,8141624
2015-12-11,8079814
2015-12-13,7978869
2015-12-14,7978869
2015-12-15,7890403
2015-12-16,7812023
2015-12-17,7849745
2015-12-18,7880623
2015-12-19,7899341
2015-12-20,7907692
2015-12-21,7855997
2015-12-22,7878120
2015-12-23,7983734
2015-12-24,7952773
2015-12-25,7911621
2015-12-26,7891441
2015-12-27,7918467
2015-12-28,7944991
2015-12-29,7900605
2015-12-30,7951434
2015-12-31,7945433
2016-01-01,8026570
2016-01-02,8112980
2016-01-03,8154044
2016-01-04,8091024
2016-01-05,8001057
2016-01-06,8093324
2016-01-07,8066820
2016-01-08,8047320
2016-01-09,8060916
2016-01-10,8119497
2016-01-11,8094817
2016-01-12,8042548
2016-01-13,8030516
2016-01-14,8051403
2016-01-15,8068498
2016-01-16,8120128
2016-01-17,8150345
2016-01-18,8168017
2016-01-19,8232866
2016-01-20,8302433
2016-01-21,8386946
2016-01-22,8745335
2016-01-23,9161245
2016-01-24,9520493
2016-01-25,9752237
2016-01-26,9637163
2016-01-27,9522586
2016-01-28,9398112
2016-01-29,9114695
2016-01-30,9178861
2016-01-31,9147768
2016-02-01,8985953
2016-02-02,8868368
2016-02-03,8633305
2016-02-04,8354298
2016-02-05,8215219
2016-02-06,8270540
2016-02-07,8411970
2016-02-08,8391947
2016-02-09,8440352
2016-02-10,8502126
2016-02-11,8525229
2016-02-12,8596970
2016-02-13,8719131
2016-02-14,8842290
2016-02-15,8873535
2016-02-16,8824722
2016-02-17,8759117
2016-02-18,8695617
2016-02-19,8559540
2016-02-20,8507471
2016-02-21,8280246
2016-02-22,8071135
2016-02-23,7937788
2016-02-24,7846016
2016-02-25,8032261
2016-02-26,8028319
2016-02-27,8063654
2016-02-28,8089800
2016-02-29,8109920
2016-03-01,8156668
2016-03-02,8203959
2016-03-03,8239312
2016-03-04,8211905
2016-03-05,8167095
2016-03-06,8043118
2016-03-07,8048330
2016-03-08,8043346
2016-03-09,7992150
2016-03-10,7954877
2016-03-11,7918062
2016-03-12,7935713
2016-03-13,7959324
2016-03-14,7865202
2016-03-15,7841067
2016-03-16,7807863
2016-03-17,7760032
2016-03-18,7736433
2016-03-19,7714597
2016-03-20,7667312
2016-03-21,7623605
2016-03-22,7508340
2016-03-23,7493271
2016-03-24,7529880
2016-03-25,7649522
2016-03-26,7644767
2016-03-27,7602047
2016-03-28,7583063
2016-03-29,7341803
2016-03-30,7152153
2016-03-31,6956299
2016-04-01,6938413
2016-04-02,6955059
2016-04-03,7159442
2016-04-04,7181739
2016-04-05,7164386
2016-04-06,7092535
2016-04-07,7083642
2016-04-08,7147652
2016-04-09,7159304
2016-04-10,7094585
2016-04-11,7094585
2016-04-12,7014058
2016-04-13,6972465
2016-04-14,6980176
2016-04-15,7206628
2016-04-16,7315482
2016-04-17,7226181
2016-04-18,7160887
2016-04-19,7195254
2016-04-20,7185072
2016-04-21,7206894
2016-04-22,7183322
2016-04-23,7158477
2016-04-24,7237738
2016-04-25,7395885
2016-04-26,7333782
2016-04-27,7513935
2016-04-28,7879934
2016-04-29,8132455
2016-04-30,8383828
2016-05-01,8613020
2016-05-02,8421911
2016-05-03,8127489
2016-05-04,7901920
2016-05-05,7766158
2016-05-06,7529707
2016-05-07,7268738
2016-05-08,7214359
2016-05-09,7387628
2016-05-10,7284034
2016-05-11,7319094
2016-05-12,7273136
2016-05-13,7252887
2016-05-14,7268917
2016-05-15,7321576
2016-05-16,7449876
2016-05-17,7651969
2016-05-18,7958298
2016-05-19,7911296
2016-05-22,8356982
2016-05-23,8454000
2016-05-24,8415450
2016-05-25,8386681
2016-05-26,8348403
2016-05-27,8549914
2016-05-28,8522811
2016-05-29,8726785
2016-05-30,8813138
2016-05-31,8751624
2016-06-01,8711425
2016-06-02,8721576
2016-06-03,8668424
2016-06-04,8701162
2016-06-05,8708614
2016-06-06,8684274
2016-06-07,8385399
2016-06-08,8355055
2016-06-09,8296796
2016-06-10,8232919
2016-06-11,8184761
2016-06-12,8142987
2016-06-13,8096559
2016-06-14,8037500
2016-06-15,8007488
2016-06-16,8061201
2016-06-17,7949682
2016-06-18,7849453
2016-06-19,7786498
2016-06-20,7803408
2016-06-21,7820918
2016-06-22,7773095
2016-06-23,7724641
2016-06-24,7758620
2016-06-25,7701792
2016-06-26,7708672
2016-06-27,7732719
2016-06-28,7655980
2016-06-29,7612253
2016-06-30,7551193
2016-07-01,7520778
2016-07-02,7544010
2016-07-03,7510981
2016-07-04,7616801
2016-07-05,7697153
2016-07-06,7645613
2016-07-07,7559656
2016-07-08,7499502
2016-07-09,7423958
2016-07-10,7316106
2016-07-11,7248527
2016-07-12,7202887
2016-07-13,7147387
2016-07-14,7181286
2016-07-15,7350732
2016-07-16,7446781
2016-07-17,7673799
2016-07-18,7874167
2016-07-24,7572386
2016-07-25,7502863
2016-07-26,7429109
2016-07-27,7298921
2016-07-28,7203766
2016-07-29,7254529
2016-07-30,7301803
2016-07-31,7232316
2016-08-01,7236834
2016-08-02,7250091
2016-08-03,7224754
2016-08-04,7200098
2016-08-05,7245422
2016-08-06,7301088
2016-08-07,7390839
2016-08-08,7342772
2016-08-09,7440800
2016-08-10,7381479
2016-08-11,7335652
2016-08-12,7324232
2016-08-13,7289460
2016-08-14,7351113
2016-08-15,7541576
2016-08-16,7466397
2016-08-17,7412748
2016-08-18,7150010
2016-08-19,7038941
2016-08-20,7132821
2016-08-21,7240397
2016-08-22,7303465
2016-08-23,7278168
2016-08-24,7129683
2016-08-25,6903272
2016-08-26,7076933
2016-08-28,7269705
2016-08-31,7383857
2016-09-01,7401372
2016-09-02,7370846
2016-09-03,7513515
2016-09-04,7487824
2016-09-05,7516741
2016-09-06,7488620
2016-09-07,7481612
2016-09-08,7401374
2016-09-09,7218346
2016-09-10,7130936
2016-09-11,7148948
2016-09-12,7164517
2016-09-13,7119873
2016-09-14,7056134
2016-09-15,7112570
2016-09-16,7200637
2016-09-17,7200388
2016-09-18,7352456
2016-09-19,7580809
2016-09-20,7469906
2016-09-21,7579916
2016-09-22,7558101
2016-09-23,7492044
2016-09-24,7480811
2016-09-25,7475820
2016-09-26,7339541
2016-09-27,7365570
2016-09-28,7139217
2016-09-29,7118232
2016-09-30,7134868
2016-10-01,7162443
2016-10-02,7125887
2016-10-03,7175493
2016-10-04,7146745
2016-10-05,7106528
2016-10-06,7088996
2016-10-07,7077003
2016-10-08,7124490
2016-10-09,7152606
2016-10-10,7159477
2016-10-11,7116552
2016-10-12,7101790
2016-10-13,7127833
2016-10-14,7130901
2016-10-15,7131481
2016-10-16,7184460
2016-10-17,7141357
2016-10-18,7107819
2016-10-19,7105883
2016-10-20,7083026
2016-10-21,7108219
2016-10-22,7138179
2016-10-23,7135420
2016-10-24,7136035
2016-10-25,7157871
2016-10-26,7162759
2016-10-27,7152986
2016-10-28,7151856
2016-10-29,7150370
2016-10-30,7115789
2016-10-31,7095008
2016-11-01,7068674
2016-11-02,7047046
2016-11-03,7006164
2016-11-04,6828081
2016-11-05,6924764
2016-11-06,6943916
2016-11-07,6916641
2016-11-08,6900429
2016-11-09,6810990
2016-11-10,6641811
2016-11-11,6355066
2016-11-12,6337853
2016-11-13,6365635
2016-11-14,6403599
2016-12-08,6332969
2016-12-09,6373570
2016-12-10,6373884
2016-12-11,6380674
2016-12-12,6343730
2016-12-13,6255900
2016-12-14,6260156
2016-12-15,6281068
2016-12-16,6341145
2016-12-17,6406352
2016-12-18,6437280
2016-12-19,6512413
2016-12-20,6571112
2016-12-21,6588058
2016-12-22,6665611
2016-12-23,6822368
2016-12-24,6896474
2016-12-25,6967489
2016-12-26,7088719
2016-12-27,7194851
2016-12-28,7094183
2016-12-29,7027828
2016-12-30,6998660
2016-12-31,7320471
2017-01-01,7439109
2017-01-02,7729456
2017-01-03,7723753
2017-01-04,7752498
2017-01-05,8140123
2017-01-06,8546973
2017-01-07,8695736
2017-01-08,8260949
2017-01-09,7848507
2017-01-10,7814057
2017-01-11,8025670
2017-01-12,8080851
2017-01-13,8357593
2017-01-14,8509972
2017-01-15,8628479
2017-01-16,8548235
2017-01-17,8328573
2017-01-18,8108987
2017-01-19,7875093
2017-01-20,7754631
2017-01-21,7723455
2017-01-22,7689954
2017-01-27,6889362
2017-01-28,6951988
2017-01-29,6969977
2017-01-30,7030583
2017-01-31,6954302
2017-02-01,6840324
2017-02-02,6774759
2017-02-03,6832172
2017-02-04,6897638
2017-02-05,7175228
2017-02-06,7152043
2017-02-07,7047204
2017-02-08,6979692
2017-02-09,6964177
2017-02-10,6917479
2017-02-11,6993627
2017-02-12,6967603
2017-02-13,6930717
2017-02-14,6843576
2017-02-15,6791935
2017-02-16,6782793
2017-02-18,6894327
2017-02-19,6942072
2017-02-20,6870485
2017-02-21,6759576
2017-02-22,6568689
2017-02-23,6354169
2017-02-24,6200061
2017-02-25,6347613
2017-02-26,6326063
2017-02-27,6373293
2017-02-28,6422786
2017-03-01,6378679
2017-03-02,6353962
2017-03-03,6353497
2017-03-04,6428717
2017-03-05,6443377
2017-03-06,6377972
2017-03-07,6369816
2017-03-08,6347947
2017-03-09,6275610
2017-03-10,6063459
2017-03-11,5848297
2017-03-12,5821363
2017-03-13,5672449
2017-03-14,5528535
2017-03-15,5648260
2017-03-16,5630315
2017-03-17,5591803
2017-03-18,5535837
2017-03-19,5460745
2017-03-20,5394014
2017-03-21,5346732
2017-03-22,5340031
2017-03-23,5381190
2017-03-24,5544221
2017-03-25,5655392
2017-03-26,5623548
2017-03-27,5604116
2017-03-28,5545601
2017-03-29,5522614
2017-03-30,5546962
2017-03-31,5621399
2017-04-01,5715021
2017-04-02,5785274
2017-04-03,5717932
2017-04-04,5679183
2017-04-12,5911614
2017-04-13,5946744
2017-04-14,5917795
2017-04-15,5988440
2017-04-16,6150425
2017-04-17,6160344
2017-04-18,6096983
2017-04-19,6140371
2017-04-20,6196567
2017-04-21,6363175
2017-04-22,6506802
2017-04-23,6494009
2017-04-24,6570291
2017-04-25,6485785
2017-04-26,6396657
2017-04-27,6177721
2017-04-28,6160400
2017-04-29,6220322
2017-04-30,6209914
2017-05-01,6256276
2017-05-02,6281797
2017-05-03,6237220
2017-05-04,6268206
2017-05-05,6329931
2017-05-06,6526498
2017-05-07,6802189
2017-05-08,6988106
2017-05-09,7066477
2017-05-10,6887467
2017-05-11,6765035
2017-05-12,6646114
2017-05-13,6608782
2017-05-14,6619701
2017-05-15,6598930
2017-05-16,6514501
2017-05-17,6540561
2017-05-18,6547157
2017-05-19,6536892
2017-05-20,6591545
2017-05-21,6681639
2017-05-22,6637327
2017-05-23,6541756
2017-05-24,6486257
2017-05-25,6230411
2017-05-26,6096856
2017-05-27,6140741
2017-05-28,6437219
2017-05-29,6756535
2017-05-30,6967092
2017-05-31,6990953
2017-06-01,6710099
2017-06-02,6633854
2017-06-03,6796557
2017-06-06,7197775
2017-06-07,7189997
2017-06-08,7148617
2017-06-09,6992503
2017-06-10,6904352
2017-06-11,6766361
2017-06-12,6430804
2017-06-13,6330181
2017-06-14,6569954
2017-06-15,6610599
2017-06-16,6619066
2017-06-17,6785754
2017-06-18,6947135
2017-06-19,6802963
2017-06-20,6753486
2017-06-21,6640182
2017-06-22,6604316
2017-06-23,6585297
2017-06-24,6644177
2017-06-25,6766069
2017-06-26,6477833
2017-06-27,6474608
2017-06-28,6525416
2017-06-29,6481113
2017-06-30,6471117
2017-07-01,6463310
2017-07-02,6461113
2017-07-03,6517451
2017-07-04,6590768
2017-07-05,6612514
2017-07-06,6653121
2017-07-07,6623243
2017-07-08,6623568
2017-07-13,6776749
2017-07-14,6780900
2017-07-15,7004331
2017-07-16,7018594
2017-07-17,7038234
2017-07-18,7056338
2017-07-19,6966761
2017-07-20,7108231
2017-07-21,7362179
2017-07-22,7698678
2017-07-23,7920442
2017-07-24,7884120
2017-07-25,7841930
2017-07-26,7818117
2017-07-27,7732659
2017-07-28,7664673
2017-07-29,7636204
2017-07-30,7610014
2017-07-31,7639781
2017-08-01,7626728
2017-08-02,7652193
2017-08-03,7776713
2017-08-04,7815874
2017-08-05,7912640
2017-08-06,7860897
2017-08-09,7591472
2017-08-10,7500865
2017-08-11,7471484
2017-08-12,7486919
2017-08-13,7429718
2017-08-14,7392983
2017-08-15,7333866
2017-08-16,7261118
2017-08-17,7241538
2017-08-18,7228516
2017-08-19,7201263
2017-08-20,7327256
2017-08-21,7452798
2017-08-22,7352439
2017-08-23,7274781
2017-08-24,7122709
2017-08-25,6993696
2017-08-26,6832961
2017-08-27,6734268
2017-08-28,6669496
2017-08-29,6693326
2017-08-30,6763428
2017-08-31,6702015
2017-09-01,6740173
2017-09-02,6915629
2017-09-03,6982606
2017-09-04,7106758
2017-09-05,7061485
2017-09-06,7025917
2017-09-07,7042392
2017-09-08,6990971
2017-09-09,6998169
2017-09-10,7069143
2017-09-11,7011715
2017-09-12,6984939
2017-09-13,6938900
2017-09-14,6887966
2017-09-15,6941114
2017-09-16,6947139
2017-09-17,6971254
2017-09-18,7009536
2017-09-19,6982927
2017-09-20,6955241
2017-09-21,6883386
2017-09-22,6912259
2017-09-23,6926294
2017-09-24,6973544
2017-09-25,6939911
2017-09-26,6907983
2017-09-27,6916922
2017-09-28,6901462
2017-09-29,6970098
2017-09-30,7057890
2017-10-01,7113497
2017-10-02,7057175
2017-10-03,7072488
2017-10-04,7130313
2017-10-05,7183900
2017-10-06,7203775
2017-10-07,7393217
2017-10-08,7582623
2017-10-09,7729220
2017-10-10,7773606
2017-10-11,7757471
2017-10-12,7890684
2017-10-13,8104148
2017-10-14,8356771
2017-10-15,8477280
2017-10-16,8614779
2017-10-17,8631707
2017-10-18,8483658
2017-10-19,8271094
2017-10-20,8129377
2017-10-21,8112418
2017-10-22,8139500
2017-10-23,8047068
2017-10-24,8044214
2017-10-25,8129455
2017-10-26,8058258
2017-10-27,7933748
2017-10-28,7847191
2017-10-29,7850695
2017-10-30,7824856
2017-10-31,7843096
2017-11-01,7732792
2017-11-02,7710844
2017-11-03,7590161
2017-11-04,7393848
2017-11-05,7254252
2017-11-06,7287860
2017-11-07,7276658
2017-11-08,7275029
2017-11-09,7271083
2017-11-10,7192881
2017-11-11,7226499
2017-11-12,7435961
2017-11-13,7521461
2017-11-14,7499501
2017-11-15,7445042
2017-11-16,7460502
2017-11-17,7645079
2017-11-18,7944736
2017-11-19,8030674
2017-11-20,8020378
2017-11-21,7902979
2017-11-22,7867610
2017-11-23,7734806
2017-11-24,7607700
2017-11-25,7469695
2017-11-26,7376098
2017-11-27,7296147
2017-11-28,7221801
2017-11-29,7145245
2017-11-30,7189951
2017-12-01,7261396
2017-12-02,7401922
2017-12-03,7419820
2017-12-04,7353687
2017-12-05,7358890
2017-12-06,7426065
2017-12-07,7363219
2017-12-08,7365692
2017-12-09,7355187
2017-12-10,7392182
2017-12-11,7449131
2017-12-12,7376569
2017-12-13,7352187
2017-12-14,7347251
2017-12-15,7407008
2017-12-16,7528405
2017-12-17,7493580
2017-12-18,7649301
2017-12-19,7988146
2017-12-20,8357176
2017-12-21,8746659
2017-12-22,9135092
2017-12-23,9433878
2017-12-24,9092391
2017-12-25,8860579
2017-12-26,8755361
2017-12-27,8862465
2017-12-28,9287351
2017-12-29,9469513
2017-12-30,9528592
2017-12-31,9206632
2018-01-01,9133855
2018-01-02,9082125
2018-01-03,9167623
2018-01-04,8715509
2018-01-05,8961430
2018-01-06,9409260
2018-01-07,9875790
2018-01-08,9917096
2018-01-09,9573730
2018-01-10,9350466
2018-01-11,9622227
2018-01-12,9902076
2018-01-13,10262251
2018-01-14,10147893
2018-01-15,10103590
2018-01-16,10031012
2018-01-17,9739319
2018-01-18,9717661
2018-01-19,9806819
2018-01-20,9959488
2018-01-21,10395880
2018-01-22,10336253
2018-01-23,10160848
2018-01-24,10184917
2018-01-25,10046936
2018-01-26,9887852
2018-01-27,9892115
2018-01-28,9924938
2018-01-29,9853092
2018-01-30,9794561
2018-02-01,9780227
2018-02-02,10054187
2018-02-03,10181753
2018-02-04,10241766
2018-02-05,10297417
2018-02-06,10211493
2018-02-07,10029040
2018-02-08,9965140
2018-02-09,9810561
2018-02-10,9703382
2018-02-11,9613226
2018-02-12,9273849
2018-02-13,8974754
2018-02-14,8539079
2018-02-15,8345350
2018-02-16,8473520
2018-02-17,8799820
2018-02-18,8919427
2018-02-19,8856300
2018-02-20,8651460
2018-02-21,8505754
2018-02-22,8717553
2018-02-23,9000519
2018-02-24,9347347
2018-02-25,9725307
2018-02-26,9922240
2018-02-27,10032756
2018-02-28,9975712
2018-03-01,9954024
2018-03-02,10002794
2018-03-03,9986088
2018-03-04,10135317
2018-03-05,10076448
2018-03-06,9998646
2018-03-07,9777835
2018-03-08,9661792
2018-03-09,9718492
2018-03-10,9796891
2018-03-11,9682236
2018-03-12,9687556
2018-03-13,9653286
2018-03-14,9596346
2018-03-15,9416455
2018-03-16,9378364
2018-03-17,9298308
2018-03-18,9263233
2018-03-20,9205300
2018-03-21,9184060
2018-03-23,9178061
2018-03-24,9377761
2018-03-26,9627622
2018-03-27,9607041
2018-03-28,9639655
2018-03-29,9745247
2018-03-30,9799374
2018-03-31,9975895
2018-04-01,10205613
2018-04-02,10234771
2018-04-03,10041016
2018-04-04,9985893
2018-04-05,9938547
2018-04-06,9897640
2018-04-08,9872757
2018-04-09,9855148
2018-04-10,9954321
2018-04-11,9848700
2018-04-12,9784304
2018-04-13,9837062
2018-04-14,9825310
2018-04-16,9941437
2018-04-17,9926809
2018-04-18,9827976
2018-04-19,9794614
2018-04-20,9951049
2018-04-21,10165313
2018-04-22,10157254
2018-04-23,10315823
2018-04-24,10267777
2018-04-25,10189076
2018-04-26,10219521
2018-04-27,10357416
2018-04-28,10524785
2018-04-29,10594112
2018-04-30,10668584
2018-05-02,10830931
2018-05-03,10761920
2018-05-04,10737819
2018-05-05,10928589
2018-05-06,11023570
2018-05-07,10928997
2018-05-08,10779138
2018-05-09,10436762
2018-05-10,9924527
2018-05-11,9743520
2018-05-12,9966695
2018-05-13,9962019
2018-05-14,10043458
2018-05-15,10018888
2018-05-16,9955273
2018-05-17,10054915
2018-05-18,10184282
2018-05-19,10092727
2018-05-20,10124333
2018-05-21,10111088
2018-05-22,10078321
2018-05-23,10020979
2018-05-24,10013999
2018-05-25,10024758
2018-05-26,10230654
2018-05-27,10161067
2018-05-28,10281219
2018-05-29,10353915
2018-05-30,10292778
2018-05-31,10144118
2018-06-01,9985052
2018-06-02,10006309
2018-06-03,9961711
2018-06-04,9980377
2018-06-05,9942856
2018-06-06,9792405
2018-06-07,9305058
2018-06-08,8843725
2018-06-09,8688955
2018-06-10,8583189
2018-06-11,8399502
2018-06-12,8060616
2018-06-13,7777893
2018-06-14,7777269
2018-06-15,7709846
2018-06-16,7827049
2018-06-17,8040362
2018-06-18,8105060
2018-06-19,8177233
2018-06-20,8246545
2018-06-21,8337271
2018-06-22,8447470
2018-06-23,8373302
2018-06-24,8358287
2018-06-25,8287632
2018-06-26,8249765
2018-06-27,8174775
2018-06-28,8070255
2018-06-29,8013371
2018-06-30,8115669
2018-07-01,8336967
2018-07-02,8356177
2018-07-03,8255259
2018-07-04,8300856
2018-07-05,8289387
2018-07-06,8218216
2018-07-07,8271600
2018-07-08,8268421
2018-07-09,8364311
2018-07-10,8295226
2018-07-11,8268610
2018-07-12,8222050
2018-07-13,8156913
2018-07-14,8117377
2018-07-15,8110993
2018-07-16,8079762
2018-07-17,8174695
2018-07-18,8170318
2018-07-19,8148066
2018-07-20,8232715
2018-07-21,8324712
2018-07-22,8351950
2018-07-23,8438537
2018-07-24,8383292
2018-07-25,8366160
2018-07-26,8294784
2018-07-27,8224521
2018-07-28,8288249
2018-07-29,8259164
2018-07-30,8271649
2018-07-31,8225735
2018-08-01,8241500
2018-08-02,8254752
2018-08-03,8223623
2018-08-04,8232748
2018-08-05,8239583
2018-08-06,8201662
2018-08-07,8163908
2018-08-08,8064156
2018-08-09,7889004
2018-08-10,7655202
2018-08-11,7617863
2018-08-12,7744817
2018-08-14,7818511
2018-08-16,7612293
2018-08-17,7612370
2018-08-18,7777850
2018-08-19,8050156
2018-08-20,8225978
2018-08-21,8156244
2018-08-22,8162976
2018-08-23,8116471
2018-08-24,8121167
2018-08-25,8297258
2018-08-26,8296785
2018-08-27,8317797
2018-08-28,8361757
2018-08-29,8366474
2018-08-30,8320696
2018-08-31,8311566
2018-09-01,8386003
2018-09-02,8462104
2018-09-03,8630615
2018-09-04,8586781
2018-09-05,8552525
2018-09-06,8516734
2018-09-07,8480454
2018-09-08,8543091
2018-09-09,8476136
2018-09-10,8372839
2018-09-11,8309592
2018-09-12,8225199
2018-09-13,8205922
2018-09-14,8239886
2018-09-15,8486026
2018-09-16,8660465
2018-09-17,8686467
2018-09-18,8533793
2018-09-19,8519799
2018-09-20,8515849
2018-09-21,8613045
2018-09-22,8732527
2018-09-23,8871391
2018-09-24,8897634
2018-09-25,8932505
2018-09-26,8908229
2018-09-27,8889162
2018-09-28,8809137
2018-09-29,8868223
2018-09-30,9051446
2018-10-02,8938266
2018-10-03,8783490
2018-10-04,8716868
2018-10-05,8747278
2018-10-06,9081527
2018-10-07,9535235
2018-10-08,10011794
2018-10-09,10506526
2018-10-10,11028449
2018-10-11,11565741
2018-10-12,12144029
2018-10-13,12751231
2018-10-14,13170695
2018-10-15,13211143
2018-10-16,13007552
2018-10-17,12808875
2018-10-18,12309376
2018-10-19,11918371
2018-10-20,11801755
2018-10-21,11868073
2018-10-22,11931930
2018-10-23,11719207
2018-10-24,11670111
2018-10-25,11691778
2018-10-26,11883109
2018-10-27,11888658
2018-10-28,12312138
2018-10-29,12001449
2018-10-30,12039534
2018-10-31,11826656
2018-11-01,11700556
2018-11-03,11406498
2018-11-04,11512145
2018-11-05,11400678
2018-11-06,11354277
2018-11-07,11336154
2018-11-08,11248385
2018-11-09,11157207
2018-11-10,11254530
2018-11-11,11762933
2018-11-12,12058869
2018-11-13,12148088
2018-11-14,12345590
2018-11-15,12417207
2018-11-16,12487721
2018-11-17,12537059
2018-11-18,12464197
2018-11-19,12274446
2018-11-20,12202683
2018-11-21,12055140
2018-11-22,11925542
2018-11-23,11900971
2018-11-24,11964139
2018-11-25,12127272
2018-11-26,12070822
2018-11-27,12016669
2018-11-28,12052116
2018-11-29,12191302
2018-12-01,13270638
2018-12-02,13934170
2018-12-03,14197731
2018-12-04,14750745
2018-12-05,15352769
2018-12-07,16926429
2018-12-09,18370955
2018-12-10,17525353
2018-12-11,16841859
2018-12-12,15999766
2018-12-13,15440997
2018-12-14,16182042
2018-12-15,15968265
2018-12-16,15927840
2018-12-17,15404231
2018-12-18,15912900
2018-12-19,16287011
2018-12-20,16867094
2018-12-21,17707022
2018-12-22,17839806
2018-12-23,18172676
2018-12-24,17900989
2018-12-25,17360171
2018-12-26,17077695
2018-12-27,16672592
2018-12-28,16726123
2018-12-29,16886271
2018-12-30,17110921
2018-12-31,17310231
2019-01-01,17948356
2019-01-02,18637743
2019-01-03,19040008
2019-01-04,19801832
2019-01-05,19922860
2019-01-06,19117382
2019-01-08,17321481
2019-01-10,15790038
2019-01-11,15000536
2019-01-12,14250509
2019-01-13,13537983
2019-01-14,12861083
2019-01-15,12218241
2019-01-16,11607328
2019-01-17,11403923
2019-01-18,11519934
2019-01-19,11887013
2019-01-20,12393087
2019-01-21,12756937
2019-01-22,13297347
2019-01-23,13692583
2019-01-24,14098640
2019-01-25,13641534
2019-01-26,13373159
2019-01-27,13319119
2019-01-28,13171162
2019-01-29,13211242
2019-01-30,13530043
2019-01-31,13766594
2019-02-01,14270423
2019-02-02,14859568
2019-02-03,15010355
2019-02-04,15013867
2019-02-05,14743213
2019-02-06,14544820
2019-02-07,14488874
2019-02-08,14604015
2019-02-09,15204026
2019-02-10,15207324
2019-02-11,15038778
2019-02-12,15070223
2019-02-13,14957892
2019-02-14,15275859
2019-02-15,15355698
2019-02-16,15286084
2019-02-17,15300875
2019-02-18,15271340
2019-02-19,15008082
2019-02-20,14840799
2019-02-21,14702868
2019-02-22,14553046
2019-02-23,14751311
2019-02-24,14793404
2019-02-25,14795338
2019-02-26,14589776
2019-02-27,14617063
2019-02-28,14458985
2019-03-01,14462369
2019-03-02,14508994
2019-03-03,14714302
2019-03-04,14984612
2019-03-05,15045842
2019-03-06,15014271
2019-03-07,15104569
2019-03-08,15257468
2019-03-09,15506877
2019-03-10,15513692
2019-03-11,15422739
2019-03-12,15151452
2019-03-13,15012552
2019-03-14,14836853
2019-03-15,14730023
2019-03-16,14821077
2019-03-17,14775065
2019-03-18,14806350
2019-03-19,14769352
2019-03-20,14670119
2019-03-21,14608547
2019-03-22,14619236
2019-03-23,14807281
2019-03-24,14806564
2019-03-25,14747452
2019-03-26,14654266
2019-03-27,14698058
2019-03-28,14671014
2019-03-29,14711153
2019-03-30,14779913
2019-03-31,14816125
2019-04-01,14731651
2019-04-02,14714155
2019-04-03,14664650
2019-04-04,14627123
2019-04-05,14640316
2019-04-06,14682155
2019-04-07,14766354
2019-04-08,14858622
2019-04-09,14918735
2019-04-10,14843631
2019-04-11,14800046
2019-04-12,14755834
2019-04-13,14716294
2019-04-14,14897882
2019-04-15,14842300
2019-04-16,14806607
2019-04-17,14734293
2019-04-18,14586646
2019-04-19,14509785
2019-04-20,14519159
2019-04-21,14549752
2019-04-22,14596876
2019-04-23,14644672
2019-04-24,14736887
2019-04-25,14665999
2019-04-26,14726404
2019-04-27,14804509
2019-04-28,15139514
2019-04-29,15249111
2019-04-30,15204399
2019-05-01,15096472
2019-05-02,14992303
2019-05-03,15022889
2019-05-04,15247267
2019-05-05,15165947
2019-05-06,15099292
2019-05-07,14989130
2019-05-08,14918781
2019-05-09,14837107
2019-05-10,14727443
2019-05-11,14710144
2019-05-12,14689653
2019-05-13,14816160
2019-05-14,14696441
2019-05-15,14634875
2019-05-16,14501570
2019-05-17,14450748
2019-05-18,14590810
2019-05-19,14738527
2019-05-20,14867861
2019-05-21,15046044
2019-05-22,15018964
2019-05-23,14865559
2019-05-24,14828783
2019-05-25,14813915
2019-05-26,14905293
2019-05-27,14934292
2019-05-28,15122047
2019-05-29,14978625
2019-05-30,15016844
2019-05-31,14993461
2019-06-01,15056742
2019-06-02,15124626
2019-06-03,15032722
2019-06-04,14879007
2019-06-05,14718537
2019-06-06,14668601
2019-06-07,14624260
2019-06-08,14678555
2019-06-09,14886475
2019-06-10,14726705
2019-06-11,14680027
2019-06-12,14498722
2019-06-13,14493451
2019-06-14,14421189
2019-06-15,14410285
2019-06-16,14406888
2019-06-17,14364796
2019-06-18,14281388
2019-06-19,14217053
2019-06-20,13864834
2019-06-21,13782769
2019-06-22,13742181
2019-06-23,13518184
2019-06-24,13192919
2019-06-25,13204070
2019-06-26,13351978
2019-06-27,13727236
2019-06-28,13980642
2019-06-29,14343193
2019-06-30,14837171
2019-07-01,14668969
2019-07-02,14633840
2019-07-03,14670129
2019-07-04,14730206
2019-07-05,14688646
2019-07-06,14654040
2019-07-07,14767436
2019-07-08,14618468
2019-07-09,14543770
2019-07-10,14324436
2019-07-11,14266447
2019-07-12,14254096
2019-07-13,14246009
2019-07-14,14293612
2019-07-15,14282766
2019-07-16,14232149
2019-07-17,14238776
2019-07-18,14185536
2019-07-19,14217338
2019-07-20,14179157
2019-07-21,14155044
2019-07-22,14187946
2019-07-23,13993892
2019-07-24,13897039
2019-07-25,13518250
2019-07-26,13445020
2019-07-27,13219187
2019-07-28,13111797
2019-07-29,13068990
2019-07-30,13141931
2019-07-31,13119506
2019-08-01,13450967
2019-08-02,13577126
2019-08-03,13752136
2019-08-04,13987381
2019-08-05,14061890
2019-08-06,14092225
2019-08-07,14073374
2019-08-08,13937599
2019-08-09,13938973
2019-08-10,14049667
2019-08-11,14042630
2019-08-12,14009088
2019-08-13,13995864
2019-08-14,13943998
2019-08-15,13920946
2019-08-16,13936539
2019-08-17,14167330
2019-08-18,14208042
2019-08-19,14160436
2019-08-20,14069758
2019-08-21,14001346
2019-08-22,13903029
2019-08-23,13962052
2019-08-24,13965671
2019-08-24,13965671
2019-08-25,14034965
2019-08-25,14034965
2019-08-26,14060342
2019-08-26,14060342
2019-08-27,13986151
2019-08-27,13986151
2019-08-28,13934030
2019-08-29,13860707
2019-08-30,13912599
2019-08-31,13956771
2019-09-01,13950092
2019-09-02,13971796
2019-09-03,13915039
2019-09-04,13845678
2019-09-05,13760487
2019-09-06,13762671
2019-09-07,13782477
2019-09-08,14058028
2019-09-09,14004740
2019-09-10,13938066
2019-09-11,13680890
2019-09-12,13554302
2019-09-13,13580814
2019-09-14,13649478
2019-09-15,13875295
2019-09-16,13929027
2019-09-17,13855830
2019-09-18,13738070
2019-09-19,13751000
2019-09-20,13718231
2019-09-21,13708084
2019-09-22,13797094
2019-09-23,13808309
2019-09-24,13727731
2019-09-25,13637870
2019-09-26,13972643
2019-09-27,14514461
2019-09-28,14995840
2019-09-29,14896336
2019-09-30,14740703
2019-10-01,14589833
2019-10-02,14558659
2019-10-03,14464750
2019-10-04,14445598
2019-10-05,14454213
2019-10-06,14544667
2019-10-07,14563036
2019-10-08,14536794
2019-10-09,14518391
2019-10-10,14550508
2019-10-11,14944535
2019-10-12,15016916
2019-10-13,15293428
2019-10-14,15247121
2019-10-15,15344453
2019-10-16,15254763
2019-10-17,15044546
2019-10-18,14934996
2019-10-19,14905965
2019-10-20,14895143
2019-10-21,14905878
2019-10-22,14867546
2019-10-23,14783389
2019-10-24,14742221
2019-10-25,14703231
2019-10-26,14683506
2019-10-27,14745672
2019-10-28,14653600
2019-10-29,14600918
2019-10-30,14518919
2019-10-31,14471799
2019-11-01,14403857
2019-11-02,14367307
2019-11-03,14384607
2019-11-04,14468461
2019-11-05,14502145
2019-11-06,14424058
2019-11-07,14426601
2019-11-08,14323615
2019-11-09,14339082
2019-11-10,14414873
2019-11-11,14488022
2019-11-12,14425852
2019-11-13,14249078
2019-11-14,14207598
2019-11-15,14146584
2019-11-16,14022540
2019-11-17,13971555
2019-11-18,13893937
2019-11-19,13845112
2019-11-20,13832929
2019-11-21,13721322
2019-11-22,13710802
2019-11-23,13980205
2019-11-24,14012811
2019-11-25,13793917
2019-11-26,13916407
2019-11-27,13972349
2019-11-28,14027748
2019-11-29,13987337
2019-11-30,14088620
2019-12-01,14533043
2019-12-02,14670109
2019-12-03,14859646
2019-12-04,14549369
2019-12-05,14579557
2019-12-06,14487885
2019-12-07,14474705
2019-12-08,14663138
2019-12-09,15019114
2019-12-10,14735133
2019-12-11,14642323
2019-12-12,14586034
2019-12-13,14547473
2019-12-14,14963566
2019-12-15,15304657
2019-12-16,14914846
2019-12-17,14962634
2019-12-18,14890609
2019-12-19,14999694
2019-12-20,15129546
2019-12-21,15326725
2019-12-22,15374629
2019-12-23,15151703
2019-12-24,15186045
2019-12-25,15072981
2019-12-26,15151213
2019-12-27,15423403
2019-12-28,15625843
2019-12-29,15732725
2019-12-30,15945019
2019-12-31,15887827
2020-01-01,16191280
2020-01-02,16434244
2020-01-03,16413132
2020-01-04,16379100
2020-01-05,16314977
2020-01-06,15873841
2020-01-07,15728166
2020-01-08,15718666
2020-01-09,15673581
2020-01-10,15747841
2020-01-11,16360533
2020-01-12,16599033
2020-01-13,16472004
2020-01-14,16334316
2020-01-15,16142091
2020-01-16,15963447
2020-01-17,15880396
2020-01-18,15909144
2020-01-19,15875827
2020-01-20,15803704
2020-01-21,15782394
2020-01-22,15762558
2020-01-23,15736693
2020-01-24,15900981
2020-01-25,16109819
2020-01-26,16432059
2020-01-27,16607379
2020-01-28,16560007
2020-01-29,16459838
2020-01-30,16376836
2020-01-31,16373439
2020-02-01,16364805
2020-02-02,16504141
2020-02-03,16128097
2020-02-04,16133976
2020-02-05,16083092
2020-02-06,16721563
2020-02-07,17157455
2020-02-08,16578278
2020-02-09,16338987
2020-02-10,15888987
2020-02-11,15280300
2020-02-12,14971149
2020-02-13,14687111
2020-02-14,14529712
2020-02-15,14517929
2020-02-16,14592918
2020-02-17,14656174
2020-02-18,14668834
2020-02-19,14550028
2020-02-20,14539623
2020-02-21,14486809
2020-02-22,14548661
2020-02-23,14472545
2020-02-24,14360020
2020-02-25,14411873
2020-02-26,14370444
2020-02-27,14323970
2020-02-28,14753134
2020-02-29,15033077
2020-03-01,15491255
2020-03-02,15777384
2020-03-03,15554959
2020-03-04,15523758
2020-03-05,15548500
2020-03-06,15704763
2020-03-07,15763569
2020-03-08,15855674
2020-03-09,15670324
2020-03-10,15620806
2020-03-11,15568868
2020-03-12,15479599
2020-03-13,15454645
2020-03-14,15564473
2020-03-15,15535430
2020-03-16,15236582
2020-03-17,15198300
2020-03-18,15126639
2020-03-19,15065251
2020-03-20,15151163
2020-03-21,15526717
2020-03-22,15594954
2020-03-23,15500323
2020-03-24,15497439
2020-03-25,15835122
2020-03-26,15800016
2020-03-27,16079183
2020-03-28,16420627
2020-03-29,16514687
2020-03-30,16425916
2020-03-31,16448434
2020-04-01,16473137
2020-04-02,16547487
2020-04-03,16686465
2020-04-04,16930618
2020-04-05,16850933
2020-04-06,16675743
2020-04-07,16497557
2020-04-08,16288190
2020-04-09,16228109
2020-04-10,16177652
2020-04-11,16187111
2020-04-12,16123929
2020-04-13,15971277
2020-04-14,15825208
2020-04-15,15668903
2020-04-16,15580115
2020-04-17,15520811
2020-04-18,15564031
2020-04-19,15501236
2020-04-20,15226232
2020-04-21,15183473
2020-04-22,14964782
2020-04-23,14878608
2020-04-24,14862769
2020-04-25,14981223
2020-04-26,15177879
2020-04-27,15133971
2020-04-28,15279330
2020-04-29,15331083
2020-04-30,15444262
2020-05-01,15577055
2020-05-02,15763982
2020-05-03,15889034
2020-05-04,15822962
2020-05-05,15693243
2020-05-06,15639115
2020-05-07,15581925
2020-05-08,15562495
2020-05-09,15495206
2020-05-10,15431245
2020-05-11,15386717
2020-05-12,15370786
2020-05-13,15362689
